sequence,apparent_Kd
GAACCATAGAGAGGTTATCCGCTCACAT,(1.0+/-0.9)e+02
TAGCCATAGAGAGGTTATCCGCTCATTC,10.9+/-1.7
TAGCCATAGAGAGGTTATCCGCTCATTA,10.9+/-2.4
TAGCCATAGAGAGGTTATCCGCTCATTG,8.9+/-0.8
TAGCCATAGAGAGGTTATCCGCTCATTT,17.4+/-2.8
TGCCCATAGAGAGGTTATCCGCTCAAAC,(0+/-8)e+05
TGCCCATAGAGAGGTTATCCGCTCAAAA,(4+/-5)e+01
CTGCCATAGAGAGGTTATCCGCTCACAC,3.3+/-1.2
GTGCCATAGAGAGGTTATCCGCTCAGCT,3.8+/-0.4
AAGCCATAGAGAGGTTATCCGCTCATCT,9.1+/-3.3
AATCCATAGAGAGGTTATCCGCTCACAT,(1.1+/-0.5)e+02
GGCCCATAGAGAGGTTATCCGCTCATTG,6.2+/-0.6
TATCCATAGAGAGGTTATCCGCTCATGC,(6+/-4)e+01
GTGCCATAGAGAGGTTATCCGCTCAGCA,24+/-5
GCGCCATAGAGAGGTTATCCGCTCATGT,28+/-6
TCCCCATAGAGAGGTTATCCGCTCACTG,13+/-5
TCCCCATAGAGAGGTTATCCGCTCACTC,18+/-15
GTCCCATAGAGAGGTTATCCGCTCAACG,13.0+/-2.2
GTCCCATAGAGAGGTTATCCGCTCAACC,14.5+/-3.4
GGCCCATAGAGAGGTTATCCGCTCATTT,7.2+/-1.5
GGGCCATAGAGAGGTTATCCGCTCAATT,18.0+/-2.6
CACCCATAGAGAGGTTATCCGCTCACTG,12+/-10
CACCCATAGAGAGGTTATCCGCTCACTA,5+/-5
CTTCCATAGAGAGGTTATCCGCTCACAG,(5+/-8)e+01
GAACCATAGAGAGGTTATCCGCTCAACG,54+/-29
GAACCATAGAGAGGTTATCCGCTCAACA,(0.0+/-1.7)e+06
GAACCATAGAGAGGTTATCCGCTCAACC,(8+/-5)e+01
GCACCATAGAGAGGTTATCCGCTCAGGA,(6+/-4)e+01
GGGCCATAGAGAGGTTATCCGCTCAATG,26+/-4
GGGCCATAGAGAGGTTATCCGCTCAATA,29+/-7
GGGCCATAGAGAGGTTATCCGCTCAATC,37+/-12
GAACCATAGAGAGGTTATCCGCTCAACT,43+/-21
TAACCATAGAGAGGTTATCCGCTCACCG,28+/-11
GGACCATAGAGAGGTTATCCGCTCACGA,28+/-11
GGACCATAGAGAGGTTATCCGCTCACGC,33+/-15
GGACCATAGAGAGGTTATCCGCTCACGG,19+/-5
TTACCATAGAGAGGTTATCCGCTCATGA,(0+/-5)e+05
AGGCCATAGAGAGGTTATCCGCTCATCG,47+/-28
TAACCATAGAGAGGTTATCCGCTCACCT,17+/-9
AGGCCATAGAGAGGTTATCCGCTCATCT,24+/-8
GTACCATAGAGAGGTTATCCGCTCAATT,7.2+/-0.5
ACGCCATAGAGAGGTTATCCGCTCATCT,9.2+/-2.8
GTACCATAGAGAGGTTATCCGCTCAATA,9.9+/-0.8
CCTCCATAGAGAGGTTATCCGCTCATTG,9.1+/-2.7
GTACCATAGAGAGGTTATCCGCTCAATC,11.5+/-1.4
CCTCCATAGAGAGGTTATCCGCTCATTA,10.3+/-2.2
CCTCCATAGAGAGGTTATCCGCTCATTC,18+/-6
GTACCATAGAGAGGTTATCCGCTCAATG,9.9+/-0.6
ACGCCATAGAGAGGTTATCCGCTCATCG,14+/-4
ACGCCATAGAGAGGTTATCCGCTCATCC,20+/-22
CTTCCATAGAGAGGTTATCCGCTCATTC,10.9+/-2.5
CTTCCATAGAGAGGTTATCCGCTCATTA,13.9+/-3.5
CTTCCATAGAGAGGTTATCCGCTCATTG,20+/-6
AGACCATAGAGAGGTTATCCGCTCATTG,48+/-25
AGACCATAGAGAGGTTATCCGCTCATTA,(4+/-4)e+01
AGACCATAGAGAGGTTATCCGCTCATTC,22+/-16
AGACCATAGAGAGGTTATCCGCTCATTT,26+/-12
TACCCATAGAGAGGTTATCCGCTCATTG,5.6+/-1.2
CTACCATAGAGAGGTTATCCGCTCATTC,4.1+/-1.7
CTACCATAGAGAGGTTATCCGCTCATTG,3.4+/-0.6
GTGCCATAGAGAGGTTATCCGCTCATCG,7.17+/-0.34
GTGCCATAGAGAGGTTATCCGCTCATCC,7.0+/-0.7
GTGCCATAGAGAGGTTATCCGCTCATCA,11.0+/-0.9
CACCCATAGAGAGGTTATCCGCTCATCC,8+/-6
GTGCCATAGAGAGGTTATCCGCTCATCT,6.3+/-0.4
CACCCATAGAGAGGTTATCCGCTCATCG,7+/-4
CAGCCATAGAGAGGTTATCCGCTCATAC,8.9+/-3.0
GGTCCATAGAGAGGTTATCCGCTCAACT,(0.6+/-1.9)e+02
CAGCCATAGAGAGGTTATCCGCTCATAT,28+/-11
AATCCATAGAGAGGTTATCCGCTCATTG,(0.7+/-1.1)e+02
AATCCATAGAGAGGTTATCCGCTCATTC,18+/-7
ATGCCATAGAGAGGTTATCCGCTCAACC,(2+/-4)e+01
GCTCCATAGAGAGGTTATCCGCTCACCG,34+/-10
GCTCCATAGAGAGGTTATCCGCTCACCT,26+/-15
CGCCCATAGAGAGGTTATCCGCTCAATA,(0.0+/-1.1)e+06
ATACCATAGAGAGGTTATCCGCTCACCG,48+/-21
GCCCCATAGAGAGGTTATCCGCTCAAGT,23+/-5
GCACCATAGAGAGGTTATCCGCTCAATT,12.6+/-2.9
GTCCCATAGAGAGGTTATCCGCTCAGCG,10+/-6
GCACCATAGAGAGGTTATCCGCTCAATG,26+/-7
GCCCCATAGAGAGGTTATCCGCTCAAGG,30+/-9
GCACCATAGAGAGGTTATCCGCTCAATC,18+/-9
GCCCCATAGAGAGGTTATCCGCTCAAGA,20+/-11
GCACCATAGAGAGGTTATCCGCTCAATA,22+/-9
GCCCCATAGAGAGGTTATCCGCTCAAGC,7.2+/-2.6
GTTCCATAGAGAGGTTATCCGCTCACAT,10+/-4
CCACCATAGAGAGGTTATCCGCTCATTT,1.4+/-0.6
GCTCCATAGAGAGGTTATCCGCTCATCG,33+/-8
GCTCCATAGAGAGGTTATCCGCTCATCA,25+/-6
GCTCCATAGAGAGGTTATCCGCTCATCC,27+/-11
GCTCCATAGAGAGGTTATCCGCTCATCT,20+/-6
CCTCCATAGAGAGGTTATCCGCTCACTA,11+/-5
TAGCCATAGAGAGGTTATCCGCTCAACG,16.7+/-2.6
TAGCCATAGAGAGGTTATCCGCTCAACC,14+/-4
TAGCCATAGAGAGGTTATCCGCTCAACA,25+/-9
TGTCCATAGAGAGGTTATCCGCTCAAAT,(1.0+/-0.7)e+02
AGACCATAGAGAGGTTATCCGCTCACGG,36+/-15
GGGCCATAGAGAGGTTATCCGCTCACGA,(8+/-6)e+01
AGACCATAGAGAGGTTATCCGCTCACGC,(3+/-5)e+01
AGACCATAGAGAGGTTATCCGCTCACGA,(8+/-4)e+01
AAACCATAGAGAGGTTATCCGCTCACTG,29+/-6
TCCCCATAGAGAGGTTATCCGCTCACGA,42+/-21
CACCCATAGAGAGGTTATCCGCTCAACT,18+/-8
CTTCCATAGAGAGGTTATCCGCTCATGC,16+/-5
CACCCATAGAGAGGTTATCCGCTCAACG,(0.0+/-2.4)e+05
CACCCATAGAGAGGTTATCCGCTCAACA,63+/-35
AGGCCATAGAGAGGTTATCCGCTCAATA,23+/-7
TGCCCATAGAGAGGTTATCCGCTCAAGA,23+/-21
AGGCCATAGAGAGGTTATCCGCTCAATT,30+/-9
CTTCCATAGAGAGGTTATCCGCTCAAGT,42+/-11
GAACCATAGAGAGGTTATCCGCTCATTT,12.6+/-2.8
TCGCCATAGAGAGGTTATCCGCTCACAT,(0.5+/-2.2)e+02
ACACCATAGAGAGGTTATCCGCTCATCT,4.8+/-1.6
GACCCATAGAGAGGTTATCCGCTCAACT,13+/-5
TCGCCATAGAGAGGTTATCCGCTCACAA,28+/-15
TCGCCATAGAGAGGTTATCCGCTCACAC,27+/-17
GAACCATAGAGAGGTTATCCGCTCATTG,7.7+/-1.2
GAACCATAGAGAGGTTATCCGCTCATTA,13.4+/-1.6
GAACCATAGAGAGGTTATCCGCTCATTC,49+/-20
GACCCATAGAGAGGTTATCCGCTCAACC,91+/-35
ACACCATAGAGAGGTTATCCGCTCATCG,4.8+/-0.8
GACCCATAGAGAGGTTATCCGCTCAACA,55+/-32
GACCCATAGAGAGGTTATCCGCTCAACG,11.4+/-2.9
GTACCATAGAGAGGTTATCCGCTCAACG,5.41+/-0.34
GTACCATAGAGAGGTTATCCGCTCAACA,12.7+/-1.1
GTACCATAGAGAGGTTATCCGCTCAACC,5.0+/-0.7
CACCCATAGAGAGGTTATCCGCTCACAA,12+/-6
GTACCATAGAGAGGTTATCCGCTCAACT,8.1+/-0.7
TCCCCATAGAGAGGTTATCCGCTCAAAA,17+/-15
TGTCCATAGAGAGGTTATCCGCTCACCG,16+/-6
TAGCCATAGAGAGGTTATCCGCTCATAA,14.8+/-2.6
AAACCATAGAGAGGTTATCCGCTCATAG,7.9+/-1.8
GACCCATAGAGAGGTTATCCGCTCACAT,13+/-5
GACCCATAGAGAGGTTATCCGCTCACAC,62+/-22
GACCCATAGAGAGGTTATCCGCTCACAA,19+/-8
GACCCATAGAGAGGTTATCCGCTCACAG,(0+/-9)e+05
ACCCCATAGAGAGGTTATCCGCTCATTG,7.7+/-2.7
CCTCCATAGAGAGGTTATCCGCTCATCA,25+/-14
TCCCCATAGAGAGGTTATCCGCTCATGA,11+/-11
TCCCCATAGAGAGGTTATCCGCTCATGC,11+/-7
TAACCATAGAGAGGTTATCCGCTCATCA,22+/-7
TAACCATAGAGAGGTTATCCGCTCATCC,45+/-15
CTCCCATAGAGAGGTTATCCGCTCATGC,(6+/-5)e+01
TAACCATAGAGAGGTTATCCGCTCATCT,45+/-19
TCCCCATAGAGAGGTTATCCGCTCATGT,(9+/-5)e+01
CTCCCATAGAGAGGTTATCCGCTCAATC,(1.2+/-2.4)e+02
CTCCCATAGAGAGGTTATCCGCTCAATA,(0.1+/-3.5)e+03
CTCCCATAGAGAGGTTATCCGCTCATGT,(0.0+/-3.0)e+05
TGGCCATAGAGAGGTTATCCGCTCACCG,38+/-8
TCACCATAGAGAGGTTATCCGCTCACGA,9.3+/-2.9
AGTCCATAGAGAGGTTATCCGCTCAACG,(0.5+/-1.0)e+02
GGGCCATAGAGAGGTTATCCGCTCATAT,18+/-5
AGTCCATAGAGAGGTTATCCGCTCAACC,(2+/-6)e+01
AGTCCATAGAGAGGTTATCCGCTCAACA,40+/-18
CCACCATAGAGAGGTTATCCGCTCATGC,2.7+/-0.7
CCACCATAGAGAGGTTATCCGCTCATGA,9+/-4
CCACCATAGAGAGGTTATCCGCTCATGG,(0.0+/-1.3)e+06
GGACCATAGAGAGGTTATCCGCTCACTG,9.8+/-2.3
GGGCCATAGAGAGGTTATCCGCTCATAG,14.8+/-2.1
AGTCCATAGAGAGGTTATCCGCTCAACT,26+/-8
GGGCCATAGAGAGGTTATCCGCTCATAC,12.9+/-2.7
GGGCCATAGAGAGGTTATCCGCTCATAA,13.5+/-2.1
GGACCATAGAGAGGTTATCCGCTCACTT,10+/-4
TAACCATAGAGAGGTTATCCGCTCAATG,48+/-14
TAACCATAGAGAGGTTATCCGCTCAATA,37+/-14
TAACCATAGAGAGGTTATCCGCTCAATC,24+/-9
TAGCCATAGAGAGGTTATCCGCTCAAGG,69+/-22
TCACCATAGAGAGGTTATCCGCTCACGT,11+/-7
GCCCCATAGAGAGGTTATCCGCTCATTA,6.0+/-2.4
GCCCCATAGAGAGGTTATCCGCTCATTC,13+/-4
GGCCCATAGAGAGGTTATCCGCTCACAA,38+/-35
GCCCCATAGAGAGGTTATCCGCTCATTG,6.8+/-1.2
GGCCCATAGAGAGGTTATCCGCTCACAT,9.4+/-3.0
GTTCCATAGAGAGGTTATCCGCTCAATT,11.2+/-3.1
GCCCCATAGAGAGGTTATCCGCTCATTT,5.5+/-0.8
GCCCCATAGAGAGGTTATCCGCTCACAG,32+/-13
TCACCATAGAGAGGTTATCCGCTCAACA,8.4+/-2.7
TCACCATAGAGAGGTTATCCGCTCAACG,(7+/-4)e+01
GCTCCATAGAGAGGTTATCCGCTCAATA,38+/-15
GCTCCATAGAGAGGTTATCCGCTCAATC,(0.5+/-1.4)e+02
GCTCCATAGAGAGGTTATCCGCTCAATT,(0.1+/-1.8)e+03
GTTCCATAGAGAGGTTATCCGCTCATTT,5.4+/-0.8
TCACCATAGAGAGGTTATCCGCTCAACT,12+/-4
TTCCCATAGAGAGGTTATCCGCTCACCT,68+/-26
GAGCCATAGAGAGGTTATCCGCTCATAA,21+/-6
GAGCCATAGAGAGGTTATCCGCTCATAC,(0.8+/-1.2)e+02
GAGCCATAGAGAGGTTATCCGCTCATAG,43+/-13
GAACCATAGAGAGGTTATCCGCTCACCT,28+/-26
GAACCATAGAGAGGTTATCCGCTCACCG,16+/-6
AGGCCATAGAGAGGTTATCCGCTCACGG,40+/-14
CTGCCATAGAGAGGTTATCCGCTCAAAG,7.9+/-1.8
AGGCCATAGAGAGGTTATCCGCTCACGC,(0+/-8)e+05
AGGCCATAGAGAGGTTATCCGCTCACGT,(0.0+/-1.0)e+06
GCACCATAGAGAGGTTATCCGCTCAACC,32+/-31
ACCCCATAGAGAGGTTATCCGCTCATGT,15+/-13
ATGCCATAGAGAGGTTATCCGCTCATGA,35+/-19
CTGCCATAGAGAGGTTATCCGCTCACCG,1.9+/-0.4
CAGCCATAGAGAGGTTATCCGCTCATTG,18+/-4
TGACCATAGAGAGGTTATCCGCTCAACG,(0.0+/-2.4)e+04
CGCCCATAGAGAGGTTATCCGCTCACCG,10+/-10
GGCCCATAGAGAGGTTATCCGCTCAACG,11.7+/-2.3
GGCCCATAGAGAGGTTATCCGCTCAACA,20+/-11
GCACCATAGAGAGGTTATCCGCTCACGC,(3+/-4)e+01
GCACCATAGAGAGGTTATCCGCTCACGT,7.3+/-1.6
CCTCCATAGAGAGGTTATCCGCTCAAAC,14+/-5
CCTCCATAGAGAGGTTATCCGCTCAAAA,19+/-9
ACGCCATAGAGAGGTTATCCGCTCACTA,(0.0+/-1.5)e+04
AAGCCATAGAGAGGTTATCCGCTCAAGG,54+/-27
AAGCCATAGAGAGGTTATCCGCTCAAGA,(0.1+/-1.1)e+03
ACGCCATAGAGAGGTTATCCGCTCACTG,37+/-15
TCACCATAGAGAGGTTATCCGCTCATTG,25+/-7
TCACCATAGAGAGGTTATCCGCTCATTA,8.9+/-2.4
GAACCATAGAGAGGTTATCCGCTCATGT,62+/-17
GAACCATAGAGAGGTTATCCGCTCATGA,26+/-8
GAACCATAGAGAGGTTATCCGCTCATGC,7.4+/-2.3
GGACCATAGAGAGGTTATCCGCTCAGGT,37+/-15
GTGCCATAGAGAGGTTATCCGCTCACTA,12.4+/-1.3
GTGCCATAGAGAGGTTATCCGCTCACTC,14.7+/-1.5
GGACCATAGAGAGGTTATCCGCTCAAGC,(0.0+/-1.3)e+05
CTGCCATAGAGAGGTTATCCGCTCATAC,2.6+/-0.7
TAGCCATAGAGAGGTTATCCGCTCACGG,(7+/-8)e+01
TAGCCATAGAGAGGTTATCCGCTCACGA,17+/-5
GGACCATAGAGAGGTTATCCGCTCAAGT,17+/-4
GGACCATAGAGAGGTTATCCGCTCAGGG,63+/-27
GTGCCATAGAGAGGTTATCCGCTCACTT,7.9+/-0.6
TAGCCATAGAGAGGTTATCCGCTCACGT,63+/-30
GCGCCATAGAGAGGTTATCCGCTCATGA,19+/-12
GCGCCATAGAGAGGTTATCCGCTCATGC,21+/-8
GAACCATAGAGAGGTTATCCGCTCAAAC,(5+/-4)e+01
AATCCATAGAGAGGTTATCCGCTCAAAT,23+/-12
GGCCCATAGAGAGGTTATCCGCTCATTA,10.0+/-2.7
ACTCCATAGAGAGGTTATCCGCTCAATT,(0.7+/-1.1)e+02
GGCCCATAGAGAGGTTATCCGCTCATTC,10.9+/-2.6
TCGCCATAGAGAGGTTATCCGCTCATGT,50+/-23
CTCCCATAGAGAGGTTATCCGCTCACGA,(0.0+/-1.4)e+06
ACTCCATAGAGAGGTTATCCGCTCAATC,(0+/-4)e+06
ACTCCATAGAGAGGTTATCCGCTCAATA,(0.8+/-1.2)e+02
AATCCATAGAGAGGTTATCCGCTCAAAC,34+/-14
TACCCATAGAGAGGTTATCCGCTCATCT,6.8+/-2.4
GAACCATAGAGAGGTTATCCGCTCAAAT,50+/-18
AGGCCATAGAGAGGTTATCCGCTCATAC,(0.0+/-1.4)e+06
AGGCCATAGAGAGGTTATCCGCTCATAG,18+/-6
TCCCCATAGAGAGGTTATCCGCTCATTG,8.4+/-1.8
AGGCCATAGAGAGGTTATCCGCTCATAT,36+/-22
TCCCCATAGAGAGGTTATCCGCTCATTT,8+/-4
ACGCCATAGAGAGGTTATCCGCTCATAA,11+/-4
TAACCATAGAGAGGTTATCCGCTCACAG,(0.0+/-1.4)e+06
TAACCATAGAGAGGTTATCCGCTCACAA,37+/-22
TGGCCATAGAGAGGTTATCCGCTCATCG,82+/-33
TGGCCATAGAGAGGTTATCCGCTCATCA,(7+/-4)e+01
TCGCCATAGAGAGGTTATCCGCTCATGA,25+/-7
TAACCATAGAGAGGTTATCCGCTCAAGT,(6+/-6)e+01
GCTCCATAGAGAGGTTATCCGCTCACAT,31+/-8
TAACCATAGAGAGGTTATCCGCTCAAGG,(8+/-6)e+01
TAACCATAGAGAGGTTATCCGCTCAAGA,25+/-5
GCTCCATAGAGAGGTTATCCGCTCACAA,(0.9+/-1.1)e+02
GCCCCATAGAGAGGTTATCCGCTCACGC,11+/-5
GCCCCATAGAGAGGTTATCCGCTCACGA,12+/-5
GCCCCATAGAGAGGTTATCCGCTCACGG,31+/-15
CAGCCATAGAGAGGTTATCCGCTCATGA,(0.0+/-2.7)e+05
TACCCATAGAGAGGTTATCCGCTCAATG,30+/-23
AGGCCATAGAGAGGTTATCCGCTCATCC,(0.1+/-1.3)e+03
GCCCCATAGAGAGGTTATCCGCTCACGT,7.1+/-1.4
TACCCATAGAGAGGTTATCCGCTCAATT,19+/-8
CCCCCATAGAGAGGTTATCCGCTCATAA,5+/-11
CTGCCATAGAGAGGTTATCCGCTCAATT,3.4+/-1.1
CTGCCATAGAGAGGTTATCCGCTCAATG,25+/-8
CTGCCATAGAGAGGTTATCCGCTCAATA,4.3+/-1.8
AAGCCATAGAGAGGTTATCCGCTCATAC,20+/-6
GCCCCATAGAGAGGTTATCCGCTCATGT,14+/-5
GCCCCATAGAGAGGTTATCCGCTCATGA,7.8+/-1.8
GCCCCATAGAGAGGTTATCCGCTCATGC,7.0+/-1.8
TTGCCATAGAGAGGTTATCCGCTCATGT,44+/-11
GGACCATAGAGAGGTTATCCGCTCAAGA,15.6+/-2.8
GCTCCATAGAGAGGTTATCCGCTCATAA,44+/-12
GCTCCATAGAGAGGTTATCCGCTCATAG,(1.1+/-0.8)e+02
AAGCCATAGAGAGGTTATCCGCTCATTC,10+/-4
GGGCCATAGAGAGGTTATCCGCTCATTT,13.3+/-2.3
AAGCCATAGAGAGGTTATCCGCTCATTG,12.2+/-2.6
TAGCCATAGAGAGGTTATCCGCTCAAAG,47+/-15
TAGCCATAGAGAGGTTATCCGCTCAAAA,31+/-6
TAGCCATAGAGAGGTTATCCGCTCAAAC,(7+/-7)e+01
GGGCCATAGAGAGGTTATCCGCTCATTA,15.0+/-3.1
GGGCCATAGAGAGGTTATCCGCTCATTC,14.0+/-1.8
GGGCCATAGAGAGGTTATCCGCTCATTG,5.7+/-0.4
TCGCCATAGAGAGGTTATCCGCTCATTT,20+/-6
GGGCCATAGAGAGGTTATCCGCTCACAA,57+/-31
GGGCCATAGAGAGGTTATCCGCTCACAC,41+/-22
AGCCCATAGAGAGGTTATCCGCTCAAAA,(0.1+/-3.5)e+03
GGGCCATAGAGAGGTTATCCGCTCACAG,35+/-6
TCGCCATAGAGAGGTTATCCGCTCACTA,27+/-8
GCTCCATAGAGAGGTTATCCGCTCAAGA,45+/-14
GCTCCATAGAGAGGTTATCCGCTCAAGC,(6+/-6)e+01
GGGCCATAGAGAGGTTATCCGCTCACAT,32+/-17
GCACCATAGAGAGGTTATCCGCTCATTT,7.8+/-2.1
CCTCCATAGAGAGGTTATCCGCTCAATA,14+/-4
CCTCCATAGAGAGGTTATCCGCTCAATC,18+/-8
GCACCATAGAGAGGTTATCCGCTCATTG,3.39+/-0.26
GAACCATAGAGAGGTTATCCGCTCACTT,15+/-5
GAACCATAGAGAGGTTATCCGCTCACTC,(3+/-6)e+01
GAACCATAGAGAGGTTATCCGCTCACTA,(0.0+/-1.7)e+06
GGGCCATAGAGAGGTTATCCGCTCAACA,27+/-8
CTTCCATAGAGAGGTTATCCGCTCAAAC,30+/-14
GGGCCATAGAGAGGTTATCCGCTCAACG,13.0+/-1.2
GCTCCATAGAGAGGTTATCCGCTCATAT,(0.0+/-1.4)e+04
CTTCCATAGAGAGGTTATCCGCTCAAAT,(0.0+/-2.2)e+04
TTGCCATAGAGAGGTTATCCGCTCAAAT,18.0+/-3.5
ACTCCATAGAGAGGTTATCCGCTCACGC,(0.0+/-1.8)e+06
ACACCATAGAGAGGTTATCCGCTCAAGG,(0.0+/-2.5)e+05
GGGCCATAGAGAGGTTATCCGCTCAAAT,25+/-5
TTGCCATAGAGAGGTTATCCGCTCAAAC,33+/-22
GGCCCATAGAGAGGTTATCCGCTCATGT,16.7+/-2.9
CCTCCATAGAGAGGTTATCCGCTCATCC,14+/-5
TCCCCATAGAGAGGTTATCCGCTCAACT,13+/-4
CCTCCATAGAGAGGTTATCCGCTCATCG,9.4+/-3.2
GGCCCATAGAGAGGTTATCCGCTCATGG,(6+/-5)e+01
GGCCCATAGAGAGGTTATCCGCTCATGA,9.0+/-1.4
TCCCCATAGAGAGGTTATCCGCTCAACG,53+/-30
AAACCATAGAGAGGTTATCCGCTCATGT,26+/-12
AAACCATAGAGAGGTTATCCGCTCATGA,14.1+/-2.9
TGACCATAGAGAGGTTATCCGCTCACGT,(1.0+/-1.0)e+02
TTGCCATAGAGAGGTTATCCGCTCACCT,13.3+/-3.2
TCGCCATAGAGAGGTTATCCGCTCAAAA,23+/-8
GACCCATAGAGAGGTTATCCGCTCACGA,14+/-11
GACCCATAGAGAGGTTATCCGCTCACGC,45+/-17
GACCCATAGAGAGGTTATCCGCTCACGG,30+/-27
TCGCCATAGAGAGGTTATCCGCTCAAAT,22+/-8
TTGCCATAGAGAGGTTATCCGCTCAACC,62+/-27
CTTCCATAGAGAGGTTATCCGCTCACCC,17+/-32
GACCCATAGAGAGGTTATCCGCTCACGT,11+/-6
TAACCATAGAGAGGTTATCCGCTCATAC,27+/-10
TAACCATAGAGAGGTTATCCGCTCATAA,33+/-9
CTTCCATAGAGAGGTTATCCGCTCAACC,20+/-30
CTCCCATAGAGAGGTTATCCGCTCATAT,(0+/-4)e+06
TAACCATAGAGAGGTTATCCGCTCATAT,23+/-6
GGGCCATAGAGAGGTTATCCGCTCAAAA,60+/-16
AGGCCATAGAGAGGTTATCCGCTCATGC,(1.1+/-1.0)e+02
GCCCCATAGAGAGGTTATCCGCTCACTT,8.2+/-2.1
AGTCCATAGAGAGGTTATCCGCTCATCC,25+/-12
GGGCCATAGAGAGGTTATCCGCTCATCG,19.4+/-3.1
GGGCCATAGAGAGGTTATCCGCTCATCA,14.1+/-3.5
GGGCCATAGAGAGGTTATCCGCTCATCC,(0.4+/-1.1)e+02
GCCCCATAGAGAGGTTATCCGCTCACTG,(1+/-4)e+01
GAACCATAGAGAGGTTATCCGCTCAATA,29+/-9
GCCCCATAGAGAGGTTATCCGCTCACTC,14+/-10
GCCCCATAGAGAGGTTATCCGCTCACTA,12+/-4
GGGCCATAGAGAGGTTATCCGCTCATCT,11.9+/-1.5
GTGCCATAGAGAGGTTATCCGCTCACGA,17.2+/-1.5
GTGCCATAGAGAGGTTATCCGCTCACGC,18.8+/-1.6
GTGCCATAGAGAGGTTATCCGCTCAAGT,8.6+/-0.6
GTGCCATAGAGAGGTTATCCGCTCACGG,19.3+/-1.7
GTGCCATAGAGAGGTTATCCGCTCAAGG,26.8+/-1.6
GTGCCATAGAGAGGTTATCCGCTCAAGC,7.4+/-0.8
GTGCCATAGAGAGGTTATCCGCTCACGT,4.27+/-0.35
TACCCATAGAGAGGTTATCCGCTCACGG,43+/-24
TGGCCATAGAGAGGTTATCCGCTCAAGT,(0.9+/-1.2)e+02
CATCCATAGAGAGGTTATCCGCTCACAC,(0.0+/-1.1)e+06
GGCCCATAGAGAGGTTATCCGCTCACCC,18+/-7
GCACCATAGAGAGGTTATCCGCTCAAGA,21+/-5
GCACCATAGAGAGGTTATCCGCTCAAGG,40+/-10
TATCCATAGAGAGGTTATCCGCTCACTT,37+/-15
GCACCATAGAGAGGTTATCCGCTCAAGT,21+/-5
AACCCATAGAGAGGTTATCCGCTCATAC,8+/-9
TAACCATAGAGAGGTTATCCGCTCATGC,29+/-11
CTACCATAGAGAGGTTATCCGCTCATCT,2.4+/-0.5
TGCCCATAGAGAGGTTATCCGCTCACTA,18+/-6
TGCCCATAGAGAGGTTATCCGCTCACTG,10.0+/-2.8
CTCCCATAGAGAGGTTATCCGCTCATCC,(0.0+/-3.2)e+06
AACCCATAGAGAGGTTATCCGCTCATAT,9+/-4
TCACCATAGAGAGGTTATCCGCTCAAAA,17+/-12
TCACCATAGAGAGGTTATCCGCTCAAAC,12.2+/-3.4
TCACCATAGAGAGGTTATCCGCTCAAAG,(6+/-5)e+01
TCACCATAGAGAGGTTATCCGCTCAAAT,8.4+/-2.7
AGTCCATAGAGAGGTTATCCGCTCAAAG,(0.0+/-2.4)e+06
AGTCCATAGAGAGGTTATCCGCTCAAAA,(0.0+/-1.2)e+06
AGTCCATAGAGAGGTTATCCGCTCAAAC,(0+/-5)e+05
AAGCCATAGAGAGGTTATCCGCTCACGA,50+/-19
AAGCCATAGAGAGGTTATCCGCTCACGG,41+/-16
ATGCCATAGAGAGGTTATCCGCTCACTC,8.1+/-2.5
GTACCATAGAGAGGTTATCCGCTCATGG,62+/-9
GTACCATAGAGAGGTTATCCGCTCATGA,7.2+/-0.5
GTACCATAGAGAGGTTATCCGCTCATGC,3.37+/-0.22
TGTCCATAGAGAGGTTATCCGCTCAATA,39+/-13
CTTCCATAGAGAGGTTATCCGCTCACTG,33+/-33
CTTCCATAGAGAGGTTATCCGCTCACTA,19+/-8
CTTCCATAGAGAGGTTATCCGCTCACTC,11+/-6
ACACCATAGAGAGGTTATCCGCTCATTA,5.6+/-2.3
ACACCATAGAGAGGTTATCCGCTCATTC,6.4+/-3.4
AGGCCATAGAGAGGTTATCCGCTCAAGC,41+/-26
AGGCCATAGAGAGGTTATCCGCTCAAGA,34+/-7
AGGCCATAGAGAGGTTATCCGCTCAAGG,(1.2+/-1.0)e+02
AGACCATAGAGAGGTTATCCGCTCAATA,(5+/-5)e+01
AGACCATAGAGAGGTTATCCGCTCAATC,(0.0+/-1.0)e+06
GGTCCATAGAGAGGTTATCCGCTCACTA,(7+/-4)e+01
ACACCATAGAGAGGTTATCCGCTCATTT,2.4+/-0.8
GGCCCATAGAGAGGTTATCCGCTCAAAC,30+/-13
GGCCCATAGAGAGGTTATCCGCTCAAAA,(5+/-5)e+01
AAGCCATAGAGAGGTTATCCGCTCATGT,32+/-10
CCTCCATAGAGAGGTTATCCGCTCAACG,16+/-6
GCACCATAGAGAGGTTATCCGCTCATGC,9.7+/-1.9
GCACCATAGAGAGGTTATCCGCTCATGA,12.2+/-2.2
AAGCCATAGAGAGGTTATCCGCTCATGC,36+/-22
GGCCCATAGAGAGGTTATCCGCTCAAAT,37+/-12
CCTCCATAGAGAGGTTATCCGCTCAACT,10+/-4
GCACCATAGAGAGGTTATCCGCTCATGT,33+/-6
GTTCCATAGAGAGGTTATCCGCTCAAAT,22+/-5
CTGCCATAGAGAGGTTATCCGCTCAACT,3.3+/-0.8
TATCCATAGAGAGGTTATCCGCTCATCG,26+/-8
GTTCCATAGAGAGGTTATCCGCTCATCG,16.7+/-2.8
GTTCCATAGAGAGGTTATCCGCTCATCC,8.6+/-2.3
GTTCCATAGAGAGGTTATCCGCTCATCA,12.0+/-1.9
GAACCATAGAGAGGTTATCCGCTCATAT,26+/-8
GTTCCATAGAGAGGTTATCCGCTCAAAG,32+/-7
GTTCCATAGAGAGGTTATCCGCTCAAAA,45+/-17
TATCCATAGAGAGGTTATCCGCTCATCT,24+/-7
GAACCATAGAGAGGTTATCCGCTCATAC,24+/-7
GAACCATAGAGAGGTTATCCGCTCATAA,22+/-9
GTTCCATAGAGAGGTTATCCGCTCATCT,7.5+/-1.1
CTGCCATAGAGAGGTTATCCGCTCATCC,2.4+/-0.6
TAGCCATAGAGAGGTTATCCGCTCACAC,34+/-28
TAGCCATAGAGAGGTTATCCGCTCACAA,(0+/-6)e+05
TAGCCATAGAGAGGTTATCCGCTCACAG,26+/-6
CTGCCATAGAGAGGTTATCCGCTCATCT,1.8+/-0.5
TAGCCATAGAGAGGTTATCCGCTCACAT,(0.7+/-2.0)e+02
CCGCCATAGAGAGGTTATCCGCTCAAGT,8+/-4
GTGCCATAGAGAGGTTATCCGCTCAGTG,5.8+/-0.4
CCGCCATAGAGAGGTTATCCGCTCAAGA,2.7+/-1.2
GTGCCATAGAGAGGTTATCCGCTCAGTC,10.5+/-1.7
ACCCCATAGAGAGGTTATCCGCTCACCG,11+/-7
GCGCCATAGAGAGGTTATCCGCTCATAC,11.1+/-2.4
GAACCATAGAGAGGTTATCCGCTCAAGA,70+/-25
GCGCCATAGAGAGGTTATCCGCTCATAA,8.6+/-1.7
ACTCCATAGAGAGGTTATCCGCTCATAC,(4+/-4)e+01
GCGCCATAGAGAGGTTATCCGCTCATAG,14+/-4
GAACCATAGAGAGGTTATCCGCTCAAGG,81+/-34
AATCCATAGAGAGGTTATCCGCTCAACG,(0.0+/-3.0)e+04
AATCCATAGAGAGGTTATCCGCTCAACA,32+/-18
GCGCCATAGAGAGGTTATCCGCTCATAT,7.5+/-1.9
GGCCCATAGAGAGGTTATCCGCTCACGT,10.4+/-2.2
ACGCCATAGAGAGGTTATCCGCTCATGT,49+/-32
GTACCATAGAGAGGTTATCCGCTCACTT,5.93+/-0.29
ACGCCATAGAGAGGTTATCCGCTCATGA,18+/-6
GTACCATAGAGAGGTTATCCGCTCACTC,9.7+/-0.9
TAACCATAGAGAGGTTATCCGCTCACGA,(4+/-5)e+01
GTACCATAGAGAGGTTATCCGCTCACTA,7.0+/-0.5
TAACCATAGAGAGGTTATCCGCTCACGG,43+/-16
GTACCATAGAGAGGTTATCCGCTCACTG,4.88+/-0.34
GGCCCATAGAGAGGTTATCCGCTCACGG,31+/-7
TGGCCATAGAGAGGTTATCCGCTCATAA,78+/-26
GACCCATAGAGAGGTTATCCGCTCACTT,10.1+/-3.3
GTTCCATAGAGAGGTTATCCGCTCACCG,7.0+/-0.9
GTTCCATAGAGAGGTTATCCGCTCACCA,(0.0+/-2.9)e+06
GTTCCATAGAGAGGTTATCCGCTCACCC,21+/-5
GACCCATAGAGAGGTTATCCGCTCACTA,16+/-5
GACCCATAGAGAGGTTATCCGCTCACTC,22+/-32
GACCCATAGAGAGGTTATCCGCTCACTG,21+/-9
CCGCCATAGAGAGGTTATCCGCTCAATT,1.6+/-1.1
GTTCCATAGAGAGGTTATCCGCTCACCT,7.9+/-1.5
GCACCATAGAGAGGTTATCCGCTCAACA,20+/-5
TAACCATAGAGAGGTTATCCGCTCAAAT,(0+/-7)e+05
GCTCCATAGAGAGGTTATCCGCTCACGT,20+/-6
TAACCATAGAGAGGTTATCCGCTCAAAC,31+/-11
TAACCATAGAGAGGTTATCCGCTCAAAA,37+/-16
TAACCATAGAGAGGTTATCCGCTCAAAG,(0.6+/-1.2)e+02
GCACCATAGAGAGGTTATCCGCTCATTC,6.3+/-1.1
GCTCCATAGAGAGGTTATCCGCTCACGC,38+/-12
GCTCCATAGAGAGGTTATCCGCTCACGA,48+/-17
GCACCATAGAGAGGTTATCCGCTCATTA,5.4+/-1.0
GTCCCATAGAGAGGTTATCCGCTCATAT,7.3+/-1.6
ATGCCATAGAGAGGTTATCCGCTCACGG,33+/-21
ATGCCATAGAGAGGTTATCCGCTCACGC,(0+/-4)e+05
GTCCCATAGAGAGGTTATCCGCTCAACA,(0.0+/-1.8)e+06
GTCCCATAGAGAGGTTATCCGCTCATAG,17+/-4
GTCCCATAGAGAGGTTATCCGCTCATAA,10.0+/-2.6
GTCCCATAGAGAGGTTATCCGCTCATAC,9.2+/-2.6
GTCCCATAGAGAGGTTATCCGCTCAACT,14.6+/-2.0
GTGCCATAGAGAGGTTATCCGCTCAGGA,11.6+/-1.0
AAGCCATAGAGAGGTTATCCGCTCACTG,11+/-4
AAGCCATAGAGAGGTTATCCGCTCACTC,28+/-14
CCGCCATAGAGAGGTTATCCGCTCAATC,3.3+/-3.2
CCACCATAGAGAGGTTATCCGCTCAAAT,1.6+/-0.7
ATACCATAGAGAGGTTATCCGCTCACGG,21+/-7
ATACCATAGAGAGGTTATCCGCTCAAGG,(9+/-5)e+01
AGCCCATAGAGAGGTTATCCGCTCATAG,15+/-6
GCCCCATAGAGAGGTTATCCGCTCAACT,8.7+/-1.8
GGCCCATAGAGAGGTTATCCGCTCACTT,7.5+/-1.9
ACCCCATAGAGAGGTTATCCGCTCACTC,13+/-12
GGCCCATAGAGAGGTTATCCGCTCACTC,18+/-11
GCCCCATAGAGAGGTTATCCGCTCAACA,28+/-18
GGCCCATAGAGAGGTTATCCGCTCACTA,16+/-7
GGCCCATAGAGAGGTTATCCGCTCACTG,11.6+/-3.0
GCCCCATAGAGAGGTTATCCGCTCAACG,6.8+/-1.4
TAGCCATAGAGAGGTTATCCGCTCAAGT,52+/-20
TATCCATAGAGAGGTTATCCGCTCAACT,(4+/-4)e+01
GCCCCATAGAGAGGTTATCCGCTCACAT,8+/-4
TAGCCATAGAGAGGTTATCCGCTCAAGA,19+/-4
AGTCCATAGAGAGGTTATCCGCTCATTG,48+/-23
GCCCCATAGAGAGGTTATCCGCTCACAC,(0.0+/-3.0)e+06
TATCCATAGAGAGGTTATCCGCTCAACC,28+/-14
TATCCATAGAGAGGTTATCCGCTCAACA,47+/-21
GGGCCATAGAGAGGTTATCCGCTCACCG,12.2+/-1.9
GGGCCATAGAGAGGTTATCCGCTCACCC,(0.7+/-1.6)e+02
GCTCCATAGAGAGGTTATCCGCTCAAAT,(7+/-6)e+01
GCTCCATAGAGAGGTTATCCGCTCAAAC,(6+/-9)e+01
GGGCCATAGAGAGGTTATCCGCTCACCT,21+/-10
GCTCCATAGAGAGGTTATCCGCTCATGA,(1.2+/-2.6)e+02
GCTCCATAGAGAGGTTATCCGCTCATGC,35+/-7
TCACCATAGAGAGGTTATCCGCTCATGT,21+/-4
CTTCCATAGAGAGGTTATCCGCTCAAAA,(4+/-4)e+01
GGGCCATAGAGAGGTTATCCGCTCAACC,21+/-11
GTCCCATAGAGAGGTTATCCGCTCATTT,7.2+/-2.6
GGACCATAGAGAGGTTATCCGCTCACAT,33+/-16
CTTCCATAGAGAGGTTATCCGCTCATCT,22+/-8
TGCCCATAGAGAGGTTATCCGCTCACCT,11+/-4
TGCCCATAGAGAGGTTATCCGCTCACCC,(1+/-5)e+01
TGCCCATAGAGAGGTTATCCGCTCACCG,6.7+/-1.7
GTCCCATAGAGAGGTTATCCGCTCATTA,8.9+/-2.2
GCTCCATAGAGAGGTTATCCGCTCAGCT,13+/-5
ACACCATAGAGAGGTTATCCGCTCATGT,(6+/-8)e+01
CTTCCATAGAGAGGTTATCCGCTCAACT,24+/-10
GACCCATAGAGAGGTTATCCGCTCAAGC,11.4+/-2.7
TTGCCATAGAGAGGTTATCCGCTCAACT,20+/-5
GACCCATAGAGAGGTTATCCGCTCAAGA,24+/-16
ACACCATAGAGAGGTTATCCGCTCATGA,11+/-5
GGGCCATAGAGAGGTTATCCGCTCAAAG,21.4+/-3.4
GACCCATAGAGAGGTTATCCGCTCAAGT,18+/-7
GGGCCATAGAGAGGTTATCCGCTCAAAC,40+/-11
CTTCCATAGAGAGGTTATCCGCTCAACA,(9+/-5)e+01
GGCCCATAGAGAGGTTATCCGCTCATAT,14+/-4
GTACCATAGAGAGGTTATCCGCTCACGG,10.9+/-1.0
GAACCATAGAGAGGTTATCCGCTCAATC,(0.5+/-1.4)e+02
GTACCATAGAGAGGTTATCCGCTCACGC,8.0+/-0.9
GTACCATAGAGAGGTTATCCGCTCACGA,13.0+/-1.7
TGTCCATAGAGAGGTTATCCGCTCACGA,(7+/-4)e+01
GGCCCATAGAGAGGTTATCCGCTCATAC,15+/-5
GGCCCATAGAGAGGTTATCCGCTCATAA,10.7+/-1.5
GGCCCATAGAGAGGTTATCCGCTCATAG,12.7+/-1.9
CTCCCATAGAGAGGTTATCCGCTCATCG,(8+/-6)e+01
GTACCATAGAGAGGTTATCCGCTCACGT,3.01+/-0.26
GAACCATAGAGAGGTTATCCGCTCAATT,26+/-12
CTCCCATAGAGAGGTTATCCGCTCATCA,(0+/-9)e+06
CCTCCATAGAGAGGTTATCCGCTCATAT,16+/-16
GTACCATAGAGAGGTTATCCGCTCAAGT,6.0+/-0.4
GTACCATAGAGAGGTTATCCGCTCAAGA,7.2+/-0.6
CCTCCATAGAGAGGTTATCCGCTCATAG,12+/-5
GTACCATAGAGAGGTTATCCGCTCAAGC,3.94+/-0.33
CCTCCATAGAGAGGTTATCCGCTCATAC,8.5+/-2.0
GTACCATAGAGAGGTTATCCGCTCAAGG,16.6+/-0.9
CAACCATAGAGAGGTTATCCGCTCAAGT,44+/-22
TTGCCATAGAGAGGTTATCCGCTCACAT,18+/-6
TTGCCATAGAGAGGTTATCCGCTCACAC,(9+/-5)e+01
TTGCCATAGAGAGGTTATCCGCTCACAA,(5+/-4)e+01
CTTCCATAGAGAGGTTATCCGCTCACAC,26+/-27
GTGCCATAGAGAGGTTATCCGCTCAGGT,23.3+/-2.7
AGACCATAGAGAGGTTATCCGCTCATGA,(7+/-4)e+01
AGACCATAGAGAGGTTATCCGCTCATGC,(6+/-4)e+01
AGACCATAGAGAGGTTATCCGCTCATGT,(0.0+/-1.4)e+06
GTGCCATAGAGAGGTTATCCGCTCAGGG,28.9+/-3.0
CCGCCATAGAGAGGTTATCCGCTCAATA,1.6+/-0.5
GTGCCATAGAGAGGTTATCCGCTCAGGC,9.3+/-1.7
AATCCATAGAGAGGTTATCCGCTCATAG,27+/-18
AATCCATAGAGAGGTTATCCGCTCATAT,(0.0+/-2.9)e+05
GTCCCATAGAGAGGTTATCCGCTCACTT,11.1+/-3.2
GTCCCATAGAGAGGTTATCCGCTCACTG,10.8+/-2.7
GTCCCATAGAGAGGTTATCCGCTCACTA,15+/-5
GTCCCATAGAGAGGTTATCCGCTCACTC,19+/-10
ACACCATAGAGAGGTTATCCGCTCAAGA,13+/-8
CAGCCATAGAGAGGTTATCCGCTCACCC,65+/-31
GCACCATAGAGAGGTTATCCGCTCAAAA,25+/-6
GCCCCATAGAGAGGTTATCCGCTCAATG,14+/-4
GCACCATAGAGAGGTTATCCGCTCAAAC,21+/-5
GCCCCATAGAGAGGTTATCCGCTCAATA,13.1+/-2.0
GCCCCATAGAGAGGTTATCCGCTCAATC,(0.0+/-1.6)e+06
GCACCATAGAGAGGTTATCCGCTCAAAG,20+/-5
AAGCCATAGAGAGGTTATCCGCTCACAT,13+/-5
GCCCCATAGAGAGGTTATCCGCTCAATT,14.7+/-3.2
GCACCATAGAGAGGTTATCCGCTCAAAT,25+/-8
AAGCCATAGAGAGGTTATCCGCTCACAA,(7+/-4)e+01
AAGCCATAGAGAGGTTATCCGCTCACAC,(5+/-4)e+01
AAGCCATAGAGAGGTTATCCGCTCACAG,50+/-33
CTACCATAGAGAGGTTATCCGCTCACCG,2.6+/-1.2
CATCCATAGAGAGGTTATCCGCTCACCG,18+/-6
GTACCATAGAGAGGTTATCCGCTCAGTA,7.0+/-0.9
CATCCATAGAGAGGTTATCCGCTCACCC,(0+/-4)e+03
GTACCATAGAGAGGTTATCCGCTCAGCT,1.87+/-0.14
GTACCATAGAGAGGTTATCCGCTCAGCG,4.29+/-0.28
GTACCATAGAGAGGTTATCCGCTCAGCC,5.0+/-0.7
GTACCATAGAGAGGTTATCCGCTCAGCA,10.1+/-1.2
ACACCATAGAGAGGTTATCCGCTCACTA,7+/-7
CCTCCATAGAGAGGTTATCCGCTCATCT,7.8+/-2.2
GAACCATAGAGAGGTTATCCGCTCACGG,(0.7+/-1.0)e+02
CTACCATAGAGAGGTTATCCGCTCATCG,3.6+/-0.7
GGCCCATAGAGAGGTTATCCGCTCATGC,6.2+/-1.1
CTACCATAGAGAGGTTATCCGCTCATCC,10.4+/-2.6
GGCCCATAGAGAGGTTATCCGCTCAAGT,12.7+/-1.7
AGCCCATAGAGAGGTTATCCGCTCAATC,19+/-18
GAACCATAGAGAGGTTATCCGCTCACGT,9+/-4
GCACCATAGAGAGGTTATCCGCTCACCA,(4+/-5)e+01
GCACCATAGAGAGGTTATCCGCTCACCC,(4+/-9)e+01
CAGCCATAGAGAGGTTATCCGCTCAAAA,(6+/-4)e+01
GGCCCATAGAGAGGTTATCCGCTCAAGG,28+/-4
ACCCCATAGAGAGGTTATCCGCTCATCC,8+/-9
ACCCCATAGAGAGGTTATCCGCTCATCG,5.0+/-2.2
AGGCCATAGAGAGGTTATCCGCTCACCG,13.6+/-2.7
ACCCCATAGAGAGGTTATCCGCTCATCT,4.4+/-1.4
GACCCATAGAGAGGTTATCCGCTCAATC,26+/-17
GACCCATAGAGAGGTTATCCGCTCAATA,29+/-11
TCACCATAGAGAGGTTATCCGCTCACAT,8.3+/-1.7
AGGCCATAGAGAGGTTATCCGCTCAAAA,(5+/-4)e+01
AACCCATAGAGAGGTTATCCGCTCATCT,16+/-5
TCACCATAGAGAGGTTATCCGCTCACAG,48+/-28
TCACCATAGAGAGGTTATCCGCTCACAC,8+/-7
GACCCATAGAGAGGTTATCCGCTCAATT,14.8+/-2.9
AACCCATAGAGAGGTTATCCGCTCATCC,11+/-8
AGGCCATAGAGAGGTTATCCGCTCAAAT,(0.8+/-1.1)e+02
TGCCCATAGAGAGGTTATCCGCTCATGT,(0.7+/-1.1)e+02
AAACCATAGAGAGGTTATCCGCTCAAAG,21+/-6
AAGCCATAGAGAGGTTATCCGCTCAACT,13+/-5
AAACCATAGAGAGGTTATCCGCTCAAAA,24+/-16
AAACCATAGAGAGGTTATCCGCTCAAAC,16+/-22
ATGCCATAGAGAGGTTATCCGCTCATCT,6.4+/-1.4
AAGCCATAGAGAGGTTATCCGCTCAACA,20+/-10
AAGCCATAGAGAGGTTATCCGCTCAACC,30+/-19
AAGCCATAGAGAGGTTATCCGCTCAACG,12+/-4
ATGCCATAGAGAGGTTATCCGCTCATCC,16+/-6
CCGCCATAGAGAGGTTATCCGCTCACGG,15+/-4
GTTCCATAGAGAGGTTATCCGCTCATAG,15.4+/-2.4
GTTCCATAGAGAGGTTATCCGCTCATAA,17.7+/-3.5
GAACCATAGAGAGGTTATCCGCTCATCT,22+/-6
GTTCCATAGAGAGGTTATCCGCTCATAC,9.6+/-1.6
ACTCCATAGAGAGGTTATCCGCTCATCT,(5+/-4)e+01
GCGCCATAGAGAGGTTATCCGCTCATCT,11.1+/-2.9
GAACCATAGAGAGGTTATCCGCTCATCA,(0.0+/-2.1)e+05
GTTCCATAGAGAGGTTATCCGCTCATAT,13.5+/-2.4
GAACCATAGAGAGGTTATCCGCTCATCC,(0.0+/-1.7)e+06
GTTCCATAGAGAGGTTATCCGCTCAACA,23+/-10
GTTCCATAGAGAGGTTATCCGCTCAACG,30+/-5
GAACCATAGAGAGGTTATCCGCTCATCG,45+/-27
TCACCATAGAGAGGTTATCCGCTCACCT,13+/-6
GCGCCATAGAGAGGTTATCCGCTCATCA,11.4+/-2.9
GCGCCATAGAGAGGTTATCCGCTCATCC,18+/-19
CTACCATAGAGAGGTTATCCGCTCACAG,10+/-6
GCGCCATAGAGAGGTTATCCGCTCATCG,8.1+/-1.7
TAGCCATAGAGAGGTTATCCGCTCACCC,(4+/-6)e+01
TAGCCATAGAGAGGTTATCCGCTCACCG,13.0+/-3.3
GTGCCATAGAGAGGTTATCCGCTCAATC,15.7+/-1.4
GTGCCATAGAGAGGTTATCCGCTCAATA,13.4+/-0.8
GTGCCATAGAGAGGTTATCCGCTCAATG,13.3+/-0.7
TAGCCATAGAGAGGTTATCCGCTCACCT,(0.7+/-2.3)e+02
TATCCATAGAGAGGTTATCCGCTCATAA,34+/-14
AAACCATAGAGAGGTTATCCGCTCATTG,8.6+/-1.5
GTGCCATAGAGAGGTTATCCGCTCAATT,11.7+/-1.2
AAACCATAGAGAGGTTATCCGCTCATTA,8.2+/-1.5
GCACCATAGAGAGGTTATCCGCTCATCC,8.3+/-2.9
CTCCCATAGAGAGGTTATCCGCTCAACA,(0.1+/-3.0)e+03
CTCCCATAGAGAGGTTATCCGCTCAACG,(5+/-5)e+01
ACCCCATAGAGAGGTTATCCGCTCACAG,55+/-22
CTCCCATAGAGAGGTTATCCGCTCAACT,(3+/-4)e+01
TGTCCATAGAGAGGTTATCCGCTCACTA,42+/-22
TGTCCATAGAGAGGTTATCCGCTCACTT,14.7+/-3.3
AACCCATAGAGAGGTTATCCGCTCAACT,(0+/-5)e+05
AACCCATAGAGAGGTTATCCGCTCAACA,80+/-29
AACCCATAGAGAGGTTATCCGCTCAACC,43+/-23
GACCCATAGAGAGGTTATCCGCTCAAAA,(7+/-5)e+01
GGGCCATAGAGAGGTTATCCGCTCACGC,(8+/-4)e+01
GGGCCATAGAGAGGTTATCCGCTCACGG,37+/-9
CCACCATAGAGAGGTTATCCGCTCACAT,3.2+/-2.2
GTTCCATAGAGAGGTTATCCGCTCACAC,20+/-9
GTTCCATAGAGAGGTTATCCGCTCACAA,67+/-30
CCACCATAGAGAGGTTATCCGCTCACAC,6+/-5
CCACCATAGAGAGGTTATCCGCTCACAG,1.5+/-0.7
CAACCATAGAGAGGTTATCCGCTCAATA,11+/-5
CAACCATAGAGAGGTTATCCGCTCAATC,28+/-17
GACCCATAGAGAGGTTATCCGCTCATCT,11+/-7
TAACCATAGAGAGGTTATCCGCTCAACA,28+/-13
TAACCATAGAGAGGTTATCCGCTCAACG,22+/-5
GACCCATAGAGAGGTTATCCGCTCATCG,9.5+/-1.7
GACCCATAGAGAGGTTATCCGCTCATCC,8.0+/-2.6
GACCCATAGAGAGGTTATCCGCTCATCA,(4+/-9)e+01
TAACCATAGAGAGGTTATCCGCTCAACT,27+/-9
TTACCATAGAGAGGTTATCCGCTCAAGT,(8+/-4)e+01
CCGCCATAGAGAGGTTATCCGCTCATAT,2.2+/-1.1
CCGCCATAGAGAGGTTATCCGCTCATAG,1.21+/-0.29
CCGCCATAGAGAGGTTATCCGCTCATAC,1.3+/-1.0
CCGCCATAGAGAGGTTATCCGCTCATAA,4.4+/-2.2
GTCCCATAGAGAGGTTATCCGCTCAAAG,14+/-4
GTCCCATAGAGAGGTTATCCGCTCAAAA,(7+/-8)e+01
GTCCCATAGAGAGGTTATCCGCTCATCT,12.8+/-3.0
CTCCCATAGAGAGGTTATCCGCTCATAA,59+/-25
GTCCCATAGAGAGGTTATCCGCTCATCC,7.3+/-2.2
GTCCCATAGAGAGGTTATCCGCTCATCA,16+/-7
GTCCCATAGAGAGGTTATCCGCTCATCG,7.8+/-1.4
GCGCCATAGAGAGGTTATCCGCTCACAT,28+/-26
GCGCCATAGAGAGGTTATCCGCTCACAG,33+/-14
GCGCCATAGAGAGGTTATCCGCTCACAA,(6+/-4)e+01
GCGCCATAGAGAGGTTATCCGCTCACAC,(4+/-7)e+01
CTACCATAGAGAGGTTATCCGCTCAATG,(0.6+/-1.0)e+02
ACACCATAGAGAGGTTATCCGCTCACAT,7+/-7
CTACCATAGAGAGGTTATCCGCTCAATA,4.3+/-0.8
CCACCATAGAGAGGTTATCCGCTCAACT,13+/-5
CTACCATAGAGAGGTTATCCGCTCAATC,11.1+/-2.9
CTACCATAGAGAGGTTATCCGCTCAATT,3.6+/-1.4
CCACCATAGAGAGGTTATCCGCTCAACG,2.9+/-1.4
GCCCCATAGAGAGGTTATCCGCTCAAAG,22+/-6
GCCCCATAGAGAGGTTATCCGCTCAAAC,18+/-6
GCCCCATAGAGAGGTTATCCGCTCAAAA,39+/-9
GCCCCATAGAGAGGTTATCCGCTCAAAT,22+/-13
GCGCCATAGAGAGGTTATCCGCTCAACT,11.5+/-2.8
AAGCCATAGAGAGGTTATCCGCTCAATG,21+/-6
AAGCCATAGAGAGGTTATCCGCTCAATA,10.2+/-3.3
AAGCCATAGAGAGGTTATCCGCTCAATC,26+/-11
CCGCCATAGAGAGGTTATCCGCTCACTG,1.3+/-0.6
GTCCCATAGAGAGGTTATCCGCTCACGT,8.3+/-1.4
CCGCCATAGAGAGGTTATCCGCTCACTC,2.3+/-0.9
CCGCCATAGAGAGGTTATCCGCTCACTA,5.1+/-2.4
GCCCCATAGAGAGGTTATCCGCTCACCG,7.9+/-1.3
GCGCCATAGAGAGGTTATCCGCTCAACG,37+/-8
GCGCCATAGAGAGGTTATCCGCTCAACA,26+/-10
GCCCCATAGAGAGGTTATCCGCTCACCA,(9+/-4)e+01
GGTCCATAGAGAGGTTATCCGCTCATCA,39+/-16
GTCCCATAGAGAGGTTATCCGCTCACGG,19+/-4
GGTCCATAGAGAGGTTATCCGCTCATCC,17+/-4
GTCCCATAGAGAGGTTATCCGCTCACGA,15+/-4
GTCCCATAGAGAGGTTATCCGCTCACGC,21+/-5
GAGCCATAGAGAGGTTATCCGCTCATTC,31+/-12
GCTCCATAGAGAGGTTATCCGCTCAACC,33+/-15
GCACCATAGAGAGGTTATCCGCTCACTA,14.8+/-3.4
GCTCCATAGAGAGGTTATCCGCTCAACG,39+/-13
GAGCCATAGAGAGGTTATCCGCTCATTA,(0.5+/-1.8)e+02
GCACCATAGAGAGGTTATCCGCTCACTT,10.4+/-3.1
GCTCCATAGAGAGGTTATCCGCTCAACT,31+/-10
TCACCATAGAGAGGTTATCCGCTCATAA,7.0+/-3.5
TCACCATAGAGAGGTTATCCGCTCATAG,30+/-25
TGCCCATAGAGAGGTTATCCGCTCATTG,8.9+/-2.1
TCACCATAGAGAGGTTATCCGCTCATAT,7.5+/-1.6
TGCCCATAGAGAGGTTATCCGCTCATTC,9.0+/-2.4
GCTCCATAGAGAGGTTATCCGCTCAGAA,(1+/-8)e+02
ACTCCATAGAGAGGTTATCCGCTCAACA,(6+/-6)e+01
AATCCATAGAGAGGTTATCCGCTCAATC,24+/-9
ACTCCATAGAGAGGTTATCCGCTCAACG,(0.0+/-2.5)e+06
TGCCCATAGAGAGGTTATCCGCTCACAA,16+/-7
TGCCCATAGAGAGGTTATCCGCTCACAC,(6+/-4)e+01
ACTCCATAGAGAGGTTATCCGCTCAACT,(0+/-4)e+05
ACGCCATAGAGAGGTTATCCGCTCAAAG,21+/-11
ACACCATAGAGAGGTTATCCGCTCAACT,8.8+/-3.1
CCTCCATAGAGAGGTTATCCGCTCACTG,(0+/-6)e+02
ACACCATAGAGAGGTTATCCGCTCAACA,34+/-20
ACACCATAGAGAGGTTATCCGCTCAACC,15+/-11
CCTCCATAGAGAGGTTATCCGCTCACTT,4.4+/-2.0
TCACCATAGAGAGGTTATCCGCTCACTA,4.9+/-1.1
TCACCATAGAGAGGTTATCCGCTCACTC,9.0+/-3.1
TAACCATAGAGAGGTTATCCGCTCACTG,25+/-7
TAGCCATAGAGAGGTTATCCGCTCATAG,57+/-16
TAACCATAGAGAGGTTATCCGCTCACTC,50+/-23
TAGCCATAGAGAGGTTATCCGCTCATAC,12.8+/-1.6
GGCCCATAGAGAGGTTATCCGCTCATCA,11.2+/-2.4
GGCCCATAGAGAGGTTATCCGCTCATCC,8.6+/-1.6
GGCCCATAGAGAGGTTATCCGCTCATCG,7.9+/-1.0
TAGCCATAGAGAGGTTATCCGCTCATAT,(0.9+/-1.6)e+02
TAACCATAGAGAGGTTATCCGCTCACTT,39+/-22
GGCCCATAGAGAGGTTATCCGCTCATCT,6.3+/-0.8
TGACCATAGAGAGGTTATCCGCTCACCG,39+/-20
GTTCCATAGAGAGGTTATCCGCTCATTG,9.0+/-0.9
GTTCCATAGAGAGGTTATCCGCTCATTC,7.6+/-1.2
GTTCCATAGAGAGGTTATCCGCTCATTA,7.2+/-1.0
TGACCATAGAGAGGTTATCCGCTCACCT,(0+/-6)e+03
TACCCATAGAGAGGTTATCCGCTCAACT,6.4+/-2.0
GTTCCATAGAGAGGTTATCCGCTCAATC,18+/-4
ACGCCATAGAGAGGTTATCCGCTCATTG,5.2+/-1.0
GTTCCATAGAGAGGTTATCCGCTCAATA,17+/-5
GTTCCATAGAGAGGTTATCCGCTCAATG,(0+/-5)e+05
ACGCCATAGAGAGGTTATCCGCTCATTC,14+/-7
ACGCCATAGAGAGGTTATCCGCTCATTA,3.8+/-1.1
CTGCCATAGAGAGGTTATCCGCTCACTA,5.1+/-1.8
CTGCCATAGAGAGGTTATCCGCTCACTC,3.2+/-1.1
TTGCCATAGAGAGGTTATCCGCTCACGA,42+/-26
GGGCCATAGAGAGGTTATCCGCTCAGAG,15+/-4
CTTCCATAGAGAGGTTATCCGCTCATAT,56+/-27
TTGCCATAGAGAGGTTATCCGCTCACGG,(1.2+/-1.0)e+02
CTTCCATAGAGAGGTTATCCGCTCATAA,23+/-7
CTTCCATAGAGAGGTTATCCGCTCATAG,(0.9+/-1.8)e+02
AGACCATAGAGAGGTTATCCGCTCATAC,(5+/-6)e+01
AGACCATAGAGAGGTTATCCGCTCATAA,(7+/-9)e+01
AGACCATAGAGAGGTTATCCGCTCATAG,26+/-9
GTGCCATAGAGAGGTTATCCGCTCAGAT,12.9+/-2.4
TGGCCATAGAGAGGTTATCCGCTCACAT,(0.1+/-1.1)e+03
GTGCCATAGAGAGGTTATCCGCTCAGAC,14.6+/-3.2
TACCCATAGAGAGGTTATCCGCTCATCG,6.6+/-3.1
GTGCCATAGAGAGGTTATCCGCTCAGAA,9.4+/-1.2
GTGCCATAGAGAGGTTATCCGCTCAGAG,14.6+/-2.1
TACCCATAGAGAGGTTATCCGCTCATCC,10+/-4
TCGCCATAGAGAGGTTATCCGCTCATGC,(0.8+/-1.0)e+02
CGCCCATAGAGAGGTTATCCGCTCATCG,32+/-16
GGGCCATAGAGAGGTTATCCGCTCATGA,21+/-4
GGGCCATAGAGAGGTTATCCGCTCATGC,10.0+/-1.3
CCGCCATAGAGAGGTTATCCGCTCAACT,1.8+/-0.5
GAACCATAGAGAGGTTATCCGCTCACGA,(5+/-4)e+01
GGTCCATAGAGAGGTTATCCGCTCATTC,(0.0+/-2.8)e+05
GGGCCATAGAGAGGTTATCCGCTCATGT,33+/-6
GTGCCATAGAGAGGTTATCCGCTCAACT,9.1+/-0.7
GTGCCATAGAGAGGTTATCCGCTCAACC,7.4+/-0.8
GTGCCATAGAGAGGTTATCCGCTCAACA,18.4+/-1.6
GTGCCATAGAGAGGTTATCCGCTCAACG,10.8+/-0.7
GCTCCATAGAGAGGTTATCCGCTCACTG,(1.1+/-1.1)e+02
GCTCCATAGAGAGGTTATCCGCTCACTC,(5+/-6)e+01
GCTCCATAGAGAGGTTATCCGCTCACTA,49+/-33
AGCCCATAGAGAGGTTATCCGCTCAATA,38+/-10
GCTCCATAGAGAGGTTATCCGCTCACTT,21+/-9
TTTCCATAGAGAGGTTATCCGCTCACGT,(8+/-6)e+01
TGGCCATAGAGAGGTTATCCGCTCAACG,50+/-16
GGCCCATAGAGAGGTTATCCGCTCAAGA,16+/-4
TGGCCATAGAGAGGTTATCCGCTCAACT,(1.2+/-0.9)e+02
CAGCCATAGAGAGGTTATCCGCTCAAAG,16+/-7
GCACCATAGAGAGGTTATCCGCTCAACT,11+/-4
CAACCATAGAGAGGTTATCCGCTCATAT,9+/-5
AGTCCATAGAGAGGTTATCCGCTCACCG,15.2+/-3.2
CAACCATAGAGAGGTTATCCGCTCATAG,15+/-9
GCACCATAGAGAGGTTATCCGCTCAACG,17+/-7
GCACCATAGAGAGGTTATCCGCTCACCG,14+/-7
CAACCATAGAGAGGTTATCCGCTCATAC,4.7+/-2.5
GGCCCATAGAGAGGTTATCCGCTCACGC,12+/-4
CAACCATAGAGAGGTTATCCGCTCATAA,13+/-6
GGCCCATAGAGAGGTTATCCGCTCACGA,11+/-4
GTACCATAGAGAGGTTATCCGCTCAGAT,7.7+/-1.0
TAGCCATAGAGAGGTTATCCGCTCAATT,24.2+/-3.4
GTACCATAGAGAGGTTATCCGCTCAGAG,8.6+/-1.3
GTACCATAGAGAGGTTATCCGCTCAGAA,7.2+/-0.8
GTACCATAGAGAGGTTATCCGCTCAGAC,7.7+/-1.1
TAGCCATAGAGAGGTTATCCGCTCAATG,37+/-7
TAGCCATAGAGAGGTTATCCGCTCAATC,26+/-8
TAGCCATAGAGAGGTTATCCGCTCAATA,14.6+/-2.9
TTTCCATAGAGAGGTTATCCGCTCAAGC,65+/-30
GTCCCATAGAGAGGTTATCCGCTCAATG,22+/-4
GTCCCATAGAGAGGTTATCCGCTCAATC,17+/-5
GTCCCATAGAGAGGTTATCCGCTCAATA,18+/-4
GTCCCATAGAGAGGTTATCCGCTCATTC,13.1+/-3.0
GTCCCATAGAGAGGTTATCCGCTCAATT,14.2+/-1.9
GTCCCATAGAGAGGTTATCCGCTCATTG,7.6+/-0.7
CTACCATAGAGAGGTTATCCGCTCATAC,2.6+/-1.5
GCACCATAGAGAGGTTATCCGCTCACAT,(4+/-5)e+01
CTACCATAGAGAGGTTATCCGCTCATAA,5.8+/-1.7
CTACCATAGAGAGGTTATCCGCTCATAG,2.9+/-0.8
GCACCATAGAGAGGTTATCCGCTCACAG,32+/-15
GCACCATAGAGAGGTTATCCGCTCACAA,28+/-27
CAGCCATAGAGAGGTTATCCGCTCAACC,24+/-11
CAGCCATAGAGAGGTTATCCGCTCAACA,28+/-16
CAGCCATAGAGAGGTTATCCGCTCAACG,12.0+/-3.3
CTACCATAGAGAGGTTATCCGCTCAAGT,8.4+/-3.3
GTACCATAGAGAGGTTATCCGCTCATCT,4.6+/-0.5
CTACCATAGAGAGGTTATCCGCTCAAGG,(4+/-5)e+01
GTGCCATAGAGAGGTTATCCGCTCAAGA,10.6+/-0.7
GTACCATAGAGAGGTTATCCGCTCATCA,7.9+/-0.6
GTACCATAGAGAGGTTATCCGCTCATCC,3.65+/-0.22
GTACCATAGAGAGGTTATCCGCTCATCG,4.82+/-0.30
AGGCCATAGAGAGGTTATCCGCTCAACG,41+/-11
ACACCATAGAGAGGTTATCCGCTCAATG,36+/-16
ACACCATAGAGAGGTTATCCGCTCAATA,6.5+/-2.8
AGGCCATAGAGAGGTTATCCGCTCAACC,37+/-11
ACACCATAGAGAGGTTATCCGCTCAATC,34+/-17
CAACCATAGAGAGGTTATCCGCTCACTG,13+/-6
TTACCATAGAGAGGTTATCCGCTCAATT,8.9+/-1.7
TCACCATAGAGAGGTTATCCGCTCACCG,13+/-12
CAACCATAGAGAGGTTATCCGCTCACTC,12+/-5
TCACCATAGAGAGGTTATCCGCTCACCC,48+/-22
AGGCCATAGAGAGGTTATCCGCTCAACT,36+/-12
TTACCATAGAGAGGTTATCCGCTCACGC,15+/-6
TTACCATAGAGAGGTTATCCGCTCAATG,48+/-16
TTACCATAGAGAGGTTATCCGCTCAATA,82+/-31
TTACCATAGAGAGGTTATCCGCTCAATC,15+/-4
CCTCCATAGAGAGGTTATCCGCTCAAGA,19+/-7
AAACCATAGAGAGGTTATCCGCTCAACC,30+/-14
GCACCATAGAGAGGTTATCCGCTCATCA,8.8+/-2.3
AAACCATAGAGAGGTTATCCGCTCAACA,20+/-9
GCACCATAGAGAGGTTATCCGCTCATCG,10.0+/-2.4
AAACCATAGAGAGGTTATCCGCTCAACG,7.3+/-1.9
AAGCCATAGAGAGGTTATCCGCTCAAAG,14+/-4
CCGCCATAGAGAGGTTATCCGCTCACAC,1.9+/-0.5
CCTCCATAGAGAGGTTATCCGCTCACGC,11+/-9
AAACCATAGAGAGGTTATCCGCTCAACT,9.8+/-2.0
GCACCATAGAGAGGTTATCCGCTCATCT,6.8+/-1.7
GAGCCATAGAGAGGTTATCCGCTCACGG,(1.0+/-0.7)e+02
GAGCCATAGAGAGGTTATCCGCTCACGA,(0.0+/-2.2)e+05
GTTCCATAGAGAGGTTATCCGCTCATGC,12.5+/-2.5
GTTCCATAGAGAGGTTATCCGCTCATGA,12.9+/-1.7
GTTCCATAGAGAGGTTATCCGCTCATGT,30+/-5
GGACCATAGAGAGGTTATCCGCTCAGAG,20+/-8
AACCCATAGAGAGGTTATCCGCTCACCG,20+/-6
CCGCCATAGAGAGGTTATCCGCTCAACA,31+/-12
TCGCCATAGAGAGGTTATCCGCTCAATC,28+/-11
AGGCCATAGAGAGGTTATCCGCTCACAG,(4+/-4)e+01
ACCCCATAGAGAGGTTATCCGCTCATAC,34+/-15
TCGCCATAGAGAGGTTATCCGCTCAATT,30+/-12
ACCCCATAGAGAGGTTATCCGCTCATAG,13+/-8
CTCCCATAGAGAGGTTATCCGCTCAAAT,(4+/-6)e+01
AAACCATAGAGAGGTTATCCGCTCACAC,29+/-10
AACCCATAGAGAGGTTATCCGCTCAAAC,59+/-33
AACCCATAGAGAGGTTATCCGCTCAAAG,45+/-18
GCACCATAGAGAGGTTATCCGCTCAAGC,28+/-14
GGCCCATAGAGAGGTTATCCGCTCACCA,35+/-12
GGCCCATAGAGAGGTTATCCGCTCACCG,4.9+/-1.0
GTTCCATAGAGAGGTTATCCGCTCACGA,14.4+/-2.4
GTTCCATAGAGAGGTTATCCGCTCACGC,13.5+/-3.0
TTGCCATAGAGAGGTTATCCGCTCACTT,9.9+/-2.1
GTTCCATAGAGAGGTTATCCGCTCACGG,(1.2+/-1.2)e+02
CCACCATAGAGAGGTTATCCGCTCACGG,2.8+/-1.2
TTGCCATAGAGAGGTTATCCGCTCACTA,32+/-13
GTTCCATAGAGAGGTTATCCGCTCACGT,9.5+/-1.6
TTGCCATAGAGAGGTTATCCGCTCACTG,15.0+/-3.5
TAGCCATAGAGAGGTTATCCGCTCAGAG,(1.1+/-0.5)e+02
CATCCATAGAGAGGTTATCCGCTCACTA,(1.1+/-0.9)e+02
GACCCATAGAGAGGTTATCCGCTCATAG,25+/-14
CATCCATAGAGAGGTTATCCGCTCACTC,(4+/-4)e+01
GACCCATAGAGAGGTTATCCGCTCATAA,14+/-4
GACCCATAGAGAGGTTATCCGCTCATAC,17+/-23
TTACCATAGAGAGGTTATCCGCTCATAG,20+/-5
GACCCATAGAGAGGTTATCCGCTCATAT,17+/-7
TTACCATAGAGAGGTTATCCGCTCATAC,22+/-5
TTACCATAGAGAGGTTATCCGCTCATAA,15+/-6
TTACCATAGAGAGGTTATCCGCTCACTG,11.5+/-2.6
TTACCATAGAGAGGTTATCCGCTCACTC,13+/-4
TTACCATAGAGAGGTTATCCGCTCACTA,34+/-12
CCGCCATAGAGAGGTTATCCGCTCATCG,3.8+/-1.6
GGCCCATAGAGAGGTTATCCGCTCACCT,10.8+/-2.4
CCGCCATAGAGAGGTTATCCGCTCATCC,2.5+/-1.4
GGTCCATAGAGAGGTTATCCGCTCACCT,(9+/-4)e+01
GTCCCATAGAGAGGTTATCCGCTCAAGC,7.2+/-1.5
GTCCCATAGAGAGGTTATCCGCTCAAGA,12.0+/-2.7
GTCCCATAGAGAGGTTATCCGCTCAAGG,49+/-11
GTCCCATAGAGAGGTTATCCGCTCAAGT,14.1+/-1.4
GCGCCATAGAGAGGTTATCCGCTCACCT,9+/-5
GCGCCATAGAGAGGTTATCCGCTCACCA,(0.0+/-3.5)e+06
GCGCCATAGAGAGGTTATCCGCTCACCG,9.8+/-2.8
ATACCATAGAGAGGTTATCCGCTCAACT,16+/-4
GTACCATAGAGAGGTTATCCGCTCATTG,5.42+/-0.34
GTACCATAGAGAGGTTATCCGCTCATTA,6.9+/-0.9
GTACCATAGAGAGGTTATCCGCTCATTC,4.6+/-0.5
GGGCCATAGAGAGGTTATCCGCTCAACT,11.5+/-1.3
GTACCATAGAGAGGTTATCCGCTCATTT,5.13+/-0.30
GTTCCATAGAGAGGTTATCCGCTCAACT,12.6+/-1.8
GCGCCATAGAGAGGTTATCCGCTCAAAT,27+/-10
GTCCCATAGAGAGGTTATCCGCTCACAT,22+/-8
GCGCCATAGAGAGGTTATCCGCTCAAAC,31+/-19
GCGCCATAGAGAGGTTATCCGCTCAAAA,39+/-30
GCGCCATAGAGAGGTTATCCGCTCAAAG,23+/-6
GTCCCATAGAGAGGTTATCCGCTCACAG,23+/-21
GTTCCATAGAGAGGTTATCCGCTCAACC,13.0+/-3.3
CCCCCATAGAGAGGTTATCCGCTCATTT,11+/-6
TCACCATAGAGAGGTTATCCGCTCATCG,17+/-4
TCACCATAGAGAGGTTATCCGCTCATCC,9+/-4
CCCCCATAGAGAGGTTATCCGCTCATTG,9+/-5
CCCCCATAGAGAGGTTATCCGCTCATTC,12+/-10
CTGCCATAGAGAGGTTATCCGCTCATTG,2.7+/-0.4
ACTCCATAGAGAGGTTATCCGCTCATCC,(4+/-5)e+01
AGACCATAGAGAGGTTATCCGCTCACAA,38+/-34
AGACCATAGAGAGGTTATCCGCTCACAC,(0.0+/-2.6)e+06
ACGCCATAGAGAGGTTATCCGCTCAACA,14+/-17
CAACCATAGAGAGGTTATCCGCTCACAT,24+/-8
ACACCATAGAGAGGTTATCCGCTCAAAG,14+/-6
ACTCCATAGAGAGGTTATCCGCTCAAAT,(6+/-4)e+01
TTGCCATAGAGAGGTTATCCGCTCAAGA,(9+/-4)e+01
ACGCCATAGAGAGGTTATCCGCTCAACT,9+/-5
ACTCCATAGAGAGGTTATCCGCTCAAAA,(7+/-5)e+01
TTGCCATAGAGAGGTTATCCGCTCAAGT,(0+/-4)e+05
GTACCATAGAGAGGTTATCCGCTCACCC,8.3+/-2.0
TAGCCATAGAGAGGTTATCCGCTCATCC,55+/-19
GTACCATAGAGAGGTTATCCGCTCACCA,13.5+/-1.6
TAGCCATAGAGAGGTTATCCGCTCATCA,20+/-4
GTACCATAGAGAGGTTATCCGCTCACCG,3.00+/-0.22
TAGCCATAGAGAGGTTATCCGCTCATCG,13.1+/-2.9
GTACCATAGAGAGGTTATCCGCTCACCT,4.6+/-0.7
ACACCATAGAGAGGTTATCCGCTCACGG,(4+/-4)e+01
TTACCATAGAGAGGTTATCCGCTCATAT,8.9+/-1.2
TCGCCATAGAGAGGTTATCCGCTCACGC,(4+/-4)e+01
TCGCCATAGAGAGGTTATCCGCTCACGA,33+/-14
AGACCATAGAGAGGTTATCCGCTCAACT,33+/-23
CAACCATAGAGAGGTTATCCGCTCAACA,28+/-17
GGGCCATAGAGAGGTTATCCGCTCAGCA,32+/-14
CAACCATAGAGAGGTTATCCGCTCAACG,11+/-4
TCGCCATAGAGAGGTTATCCGCTCACGT,(1.0+/-0.6)e+02
TGCCCATAGAGAGGTTATCCGCTCAAAG,52+/-27
AGACCATAGAGAGGTTATCCGCTCAACG,22+/-6
CAACCATAGAGAGGTTATCCGCTCAACT,9+/-5
AGACCATAGAGAGGTTATCCGCTCAACA,(0+/-5)e+05
GGGCCATAGAGAGGTTATCCGCTCAGCT,4.9+/-1.2
AGACCATAGAGAGGTTATCCGCTCAACC,21+/-6
AGACCATAGAGAGGTTATCCGCTCATCA,(0.6+/-1.6)e+02
AGACCATAGAGAGGTTATCCGCTCATCC,41+/-17
TCGCCATAGAGAGGTTATCCGCTCAAGT,29+/-18
AGACCATAGAGAGGTTATCCGCTCATCG,40+/-21
TCGCCATAGAGAGGTTATCCGCTCAAGA,29+/-10
GTGCCATAGAGAGGTTATCCGCTCAGCC,9.2+/-1.5
AGACCATAGAGAGGTTATCCGCTCATCT,35+/-15
GTGCCATAGAGAGGTTATCCGCTCAGCG,9.0+/-1.0
ACGCCATAGAGAGGTTATCCGCTCACAC,32+/-18
GTTCCATAGAGAGGTTATCCGCTCACTA,11.3+/-1.5
GTTCCATAGAGAGGTTATCCGCTCACTC,19+/-4
GTTCCATAGAGAGGTTATCCGCTCACTG,10.9+/-1.5
CCACCATAGAGAGGTTATCCGCTCACTA,1.6+/-0.6
ACACCATAGAGAGGTTATCCGCTCATAC,9+/-4
GTTCCATAGAGAGGTTATCCGCTCACTT,6.8+/-1.2
CATCCATAGAGAGGTTATCCGCTCACTT,56+/-35
TAACCATAGAGAGGTTATCCGCTCATCG,19+/-6
CCTCCATAGAGAGGTTATCCGCTCAAAT,12.4+/-3.3
GTGCCATAGAGAGGTTATCCGCTCAAAA,26.1+/-2.3
GTGCCATAGAGAGGTTATCCGCTCAAAC,24+/-4
GTGCCATAGAGAGGTTATCCGCTCAAAG,19.5+/-1.5
GTGCCATAGAGAGGTTATCCGCTCAAAT,16.9+/-1.5
GGACCATAGAGAGGTTATCCGCTCACTA,19+/-4
CAGCCATAGAGAGGTTATCCGCTCACGT,20+/-6
GGACCATAGAGAGGTTATCCGCTCACTC,53+/-22
AGGCCATAGAGAGGTTATCCGCTCATTC,22+/-6
AGGCCATAGAGAGGTTATCCGCTCATTG,35+/-11
CATCCATAGAGAGGTTATCCGCTCAAGA,(0.0+/-2.5)e+04
GACCCATAGAGAGGTTATCCGCTCATTT,8+/-4
GGACCATAGAGAGGTTATCCGCTCATCG,7.5+/-1.1
GGACCATAGAGAGGTTATCCGCTCATCC,19+/-5
GGACCATAGAGAGGTTATCCGCTCATCA,16+/-8
CATCCATAGAGAGGTTATCCGCTCACGA,(0.7+/-2.2)e+02
GACCCATAGAGAGGTTATCCGCTCATTG,11+/-4
CAACCATAGAGAGGTTATCCGCTCATCG,5.4+/-1.2
GACCCATAGAGAGGTTATCCGCTCATTC,13+/-5
GACCCATAGAGAGGTTATCCGCTCATTA,9.5+/-2.6
GGACCATAGAGAGGTTATCCGCTCATCT,13.2+/-3.1
GCTCCATAGAGAGGTTATCCGCTCATTA,17+/-5
GCTCCATAGAGAGGTTATCCGCTCATTC,27+/-7
GCTCCATAGAGAGGTTATCCGCTCATTG,(8+/-4)e+01
GTACCATAGAGAGGTTATCCGCTCAGGT,18.9+/-2.4
GTACCATAGAGAGGTTATCCGCTCAGGC,5.3+/-0.9
GTACCATAGAGAGGTTATCCGCTCAGGA,8.6+/-0.9
GTACCATAGAGAGGTTATCCGCTCAGGG,19.2+/-1.4
GCTCCATAGAGAGGTTATCCGCTCATTT,16.3+/-2.6
GTACCATAGAGAGGTTATCCGCTCATGT,14.4+/-0.8
GAGCCATAGAGAGGTTATCCGCTCAAGA,43+/-19
GAGCCATAGAGAGGTTATCCGCTCAAGT,43+/-15
ATGCCATAGAGAGGTTATCCGCTCACCC,21+/-14
GCACCATAGAGAGGTTATCCGCTCATAT,7.8+/-1.3
GCACCATAGAGAGGTTATCCGCTCATAA,17+/-9
GCACCATAGAGAGGTTATCCGCTCATAC,10.1+/-2.6
GCACCATAGAGAGGTTATCCGCTCATAG,18+/-7
GTACCATAGAGAGGTTATCCGCTCATAT,6.7+/-0.6
GTACCATAGAGAGGTTATCCGCTCATAG,10.5+/-0.8
CTACCATAGAGAGGTTATCCGCTCAAAG,7.9+/-3.0
GTACCATAGAGAGGTTATCCGCTCATAC,10.5+/-1.2
GTACCATAGAGAGGTTATCCGCTCATAA,9.9+/-0.9
CTACCATAGAGAGGTTATCCGCTCATGA,10+/-4
TTGCCATAGAGAGGTTATCCGCTCAATC,32+/-15
TTGCCATAGAGAGGTTATCCGCTCAATA,48+/-21
TTGCCATAGAGAGGTTATCCGCTCAATG,(1.1+/-0.6)e+02
CTACCATAGAGAGGTTATCCGCTCACGT,11+/-5
TTACCATAGAGAGGTTATCCGCTCACAA,47+/-23
GAGCCATAGAGAGGTTATCCGCTCATGT,(8+/-5)e+01
TTACCATAGAGAGGTTATCCGCTCACAG,52+/-23
TGCCCATAGAGAGGTTATCCGCTCATCA,10+/-8
TGCCCATAGAGAGGTTATCCGCTCATCC,19+/-8
TGCCCATAGAGAGGTTATCCGCTCATCG,8.1+/-1.4
CTGCCATAGAGAGGTTATCCGCTCAACG,3.7+/-0.5
CTGCCATAGAGAGGTTATCCGCTCAACC,2.8+/-0.9
CTGCCATAGAGAGGTTATCCGCTCAACA,4.1+/-1.7
GTTCCATAGAGAGGTTATCCGCTCAAGG,69+/-15
GTTCCATAGAGAGGTTATCCGCTCAAGC,10.2+/-2.7
GTTCCATAGAGAGGTTATCCGCTCAAGA,13.9+/-2.5
GTTCCATAGAGAGGTTATCCGCTCAAGT,17.4+/-2.7
GTTCCATAGAGAGGTTATCCGCTCAGGG,(9+/-4)e+01
TCGCCATAGAGAGGTTATCCGCTCAATA,19+/-7
TGTCCATAGAGAGGTTATCCGCTCACAT,52+/-34
CCCCCATAGAGAGGTTATCCGCTCATGC,3.1+/-1.5
CCGCCATAGAGAGGTTATCCGCTCAAAA,19+/-7
TAACCATAGAGAGGTTATCCGCTCATTA,26+/-6
TAACCATAGAGAGGTTATCCGCTCATTC,14.7+/-2.5
AAACCATAGAGAGGTTATCCGCTCACGT,21+/-10
TAACCATAGAGAGGTTATCCGCTCATTG,12.4+/-3.1
AAACCATAGAGAGGTTATCCGCTCACGA,28+/-18
TAACCATAGAGAGGTTATCCGCTCATTT,38+/-13
TGACCATAGAGAGGTTATCCGCTCATCC,(0+/-4)e+04
TGTCCATAGAGAGGTTATCCGCTCATAA,37+/-13
TCACCATAGAGAGGTTATCCGCTCAATC,9+/-7
AACCCATAGAGAGGTTATCCGCTCAAGA,28+/-25
AACCCATAGAGAGGTTATCCGCTCAAGG,(0.0+/-1.0)e+04
GGACCATAGAGAGGTTATCCGCTCAAAT,22+/-7
GGACCATAGAGAGGTTATCCGCTCAAAG,25+/-5
CATCCATAGAGAGGTTATCCGCTCATTC,(0.0+/-1.3)e+04
GGACCATAGAGAGGTTATCCGCTCAAAA,44+/-12
CATCCATAGAGAGGTTATCCGCTCATTA,(9+/-7)e+01
GGACCATAGAGAGGTTATCCGCTCAAAC,21+/-6
CTCCCATAGAGAGGTTATCCGCTCACAA,(0.0+/-2.8)e+06
CTCCCATAGAGAGGTTATCCGCTCACAT,(5+/-4)e+01
GGGCCATAGAGAGGTTATCCGCTCAGTG,5.2+/-0.8
TTGCCATAGAGAGGTTATCCGCTCATCT,19+/-5
GACCCATAGAGAGGTTATCCGCTCATGA,10.5+/-2.4
GGACCATAGAGAGGTTATCCGCTCACCG,17+/-4
GGACCATAGAGAGGTTATCCGCTCACCC,(0.0+/-3.5)e+05
TTGCCATAGAGAGGTTATCCGCTCATCG,54+/-26
TTACCATAGAGAGGTTATCCGCTCATCG,9.1+/-1.7
TTACCATAGAGAGGTTATCCGCTCATCA,15+/-5
CAGCCATAGAGAGGTTATCCGCTCACTG,14+/-5
GGACCATAGAGAGGTTATCCGCTCACCT,8.7+/-2.8
GACCCATAGAGAGGTTATCCGCTCATGT,50+/-18
TTACCATAGAGAGGTTATCCGCTCAACA,35+/-13
TTACCATAGAGAGGTTATCCGCTCAACC,9+/-4
TTACCATAGAGAGGTTATCCGCTCAACG,16.6+/-3.4
GTCCCATAGAGAGGTTATCCGCTCATGG,58+/-13
GGCCCATAGAGAGGTTATCCGCTCACAG,26+/-12
GTCCCATAGAGAGGTTATCCGCTCATGC,10.5+/-1.9
GTCCCATAGAGAGGTTATCCGCTCATGA,10.3+/-2.8
GTCCCATAGAGAGGTTATCCGCTCATGT,15+/-4
GGCCCATAGAGAGGTTATCCGCTCACAC,17+/-15
GGCCCATAGAGAGGTTATCCGCTCAAAG,40+/-11
GAGCCATAGAGAGGTTATCCGCTCAATT,39+/-15
TTTCCATAGAGAGGTTATCCGCTCAATC,(5+/-7)e+01
GAGCCATAGAGAGGTTATCCGCTCAATC,(0+/-6)e+05
GAGCCATAGAGAGGTTATCCGCTCAATA,36+/-11
ATGCCATAGAGAGGTTATCCGCTCACAC,19+/-15
GACCCATAGAGAGGTTATCCGCTCACCT,8+/-6
GTGCCATAGAGAGGTTATCCGCTCATGT,21.4+/-1.7
CCTCCATAGAGAGGTTATCCGCTCAACC,14+/-10
AGCCCATAGAGAGGTTATCCGCTCAAGG,(0+/-7)e+05
GTGCCATAGAGAGGTTATCCGCTCATGC,7.0+/-0.4
CCACCATAGAGAGGTTATCCGCTCAAGT,5.0+/-1.8
GTGCCATAGAGAGGTTATCCGCTCATGA,9.0+/-0.6
GTGCCATAGAGAGGTTATCCGCTCATGG,114+/-22
GTCCCATAGAGAGGTTATCCGCTCACCT,8.7+/-1.2
GCGCCATAGAGAGGTTATCCGCTCAAGA,11.8+/-1.6
GCGCCATAGAGAGGTTATCCGCTCAAGC,(0.5+/-1.3)e+02
GCGCCATAGAGAGGTTATCCGCTCAAGG,(0.9+/-1.5)e+02
GTCCCATAGAGAGGTTATCCGCTCACCA,13+/-7
GTCCCATAGAGAGGTTATCCGCTCACCC,11+/-4
GTCCCATAGAGAGGTTATCCGCTCACCG,6.7+/-1.1
GCGCCATAGAGAGGTTATCCGCTCAAGT,28+/-8
GGCCCATAGAGAGGTTATCCGCTCAATA,13.1+/-1.6
GGCCCATAGAGAGGTTATCCGCTCAATC,37+/-6
GGCCCATAGAGAGGTTATCCGCTCAATG,25+/-9
GGCCCATAGAGAGGTTATCCGCTCAATT,13.2+/-3.5
GCCCCATAGAGAGGTTATCCGCTCATAG,13.6+/-3.2
TATCCATAGAGAGGTTATCCGCTCATCC,36+/-17
GCCCCATAGAGAGGTTATCCGCTCATAC,12+/-5
GCCCCATAGAGAGGTTATCCGCTCATAA,15+/-6
GACCCATAGAGAGGTTATCCGCTCACCC,37+/-35
GCCCCATAGAGAGGTTATCCGCTCATAT,8.1+/-2.5
AGACCATAGAGAGGTTATCCGCTCACCC,(5+/-6)e+01
AGACCATAGAGAGGTTATCCGCTCACCG,34+/-13
AGACCATAGAGAGGTTATCCGCTCACCT,62+/-35
CAACCATAGAGAGGTTATCCGCTCACCG,11+/-4
CAACCATAGAGAGGTTATCCGCTCACCC,37+/-33
CAACCATAGAGAGGTTATCCGCTCAATT,9.8+/-3.5
TCCCCATAGAGAGGTTATCCGCTCACCG,11+/-4
GTTCCATAGAGAGGTTATCCGCTCAAAC,57+/-25
TCCCCATAGAGAGGTTATCCGCTCACCT,15+/-13
GTACCATAGAGAGGTTATCCGCTCACAT,8.3+/-0.9
GTACCATAGAGAGGTTATCCGCTCACAA,15.1+/-2.4
GTACCATAGAGAGGTTATCCGCTCACAC,10.7+/-1.4
AGACCATAGAGAGGTTATCCGCTCACTA,(4+/-4)e+01
GTACCATAGAGAGGTTATCCGCTCACAG,13.1+/-2.0
TGCCCATAGAGAGGTTATCCGCTCAACT,8.3+/-1.8
CAACCATAGAGAGGTTATCCGCTCAAAC,26+/-13
CAACCATAGAGAGGTTATCCGCTCAAAA,19+/-19
AGACCATAGAGAGGTTATCCGCTCAAAT,61+/-22
TGCCCATAGAGAGGTTATCCGCTCAACG,8.4+/-2.3
TGCCCATAGAGAGGTTATCCGCTCAACA,20+/-8
AGACCATAGAGAGGTTATCCGCTCAAAC,(9+/-8)e+01
ACTCCATAGAGAGGTTATCCGCTCACAT,(0+/-6)e+03
AGACCATAGAGAGGTTATCCGCTCAAAG,(7+/-5)e+01
AACCCATAGAGAGGTTATCCGCTCATTC,11+/-5
TGGCCATAGAGAGGTTATCCGCTCATTA,47+/-13
ACGCCATAGAGAGGTTATCCGCTCACGT,34+/-19
TGGCCATAGAGAGGTTATCCGCTCATTG,83+/-23
TCGCCATAGAGAGGTTATCCGCTCATCA,35+/-17
TCGCCATAGAGAGGTTATCCGCTCATCC,19+/-5
TGGCCATAGAGAGGTTATCCGCTCATTT,71+/-33
ACGCCATAGAGAGGTTATCCGCTCACGG,(5+/-5)e+01
GCGCCATAGAGAGGTTATCCGCTCATTT,4.1+/-0.6
GCGCCATAGAGAGGTTATCCGCTCATTG,3.66+/-0.31
GCGCCATAGAGAGGTTATCCGCTCATTA,7.1+/-1.8
GCGCCATAGAGAGGTTATCCGCTCATTC,9.2+/-2.1
TAGCCATAGAGAGGTTATCCGCTCACTG,18+/-4
TAGCCATAGAGAGGTTATCCGCTCACTA,17+/-4
TAGCCATAGAGAGGTTATCCGCTCACTC,28+/-17
AACCCATAGAGAGGTTATCCGCTCAATA,13+/-6
AACCCATAGAGAGGTTATCCGCTCAATC,16+/-13
AACCCATAGAGAGGTTATCCGCTCAATG,(6+/-5)e+01
TCCCCATAGAGAGGTTATCCGCTCATCG,9.1+/-3.5
TCCCCATAGAGAGGTTATCCGCTCATCA,21+/-16
TCCCCATAGAGAGGTTATCCGCTCATCC,9.7+/-1.8
CTCCCATAGAGAGGTTATCCGCTCACTA,37+/-27
CTCCCATAGAGAGGTTATCCGCTCACTG,(5+/-9)e+01
TCCCCATAGAGAGGTTATCCGCTCATCT,16+/-6
GTGCCATAGAGAGGTTATCCGCTCAGTT,14.9+/-2.5
GAGCCATAGAGAGGTTATCCGCTCAAAT,35+/-10
TTTCCATAGAGAGGTTATCCGCTCAACT,16.5+/-3.2
TTTCCATAGAGAGGTTATCCGCTCAACC,33+/-21
GAGCCATAGAGAGGTTATCCGCTCAAAG,(7+/-4)e+01
GGACCATAGAGAGGTTATCCGCTCATAG,15+/-5
CCACCATAGAGAGGTTATCCGCTCATCT,3.8+/-2.6
GGACCATAGAGAGGTTATCCGCTCATAA,10.8+/-2.8
GGACCATAGAGAGGTTATCCGCTCATAC,13+/-6
GGACCATAGAGAGGTTATCCGCTCATAT,9.1+/-1.2
CCACCATAGAGAGGTTATCCGCTCATCC,(0.0+/-1.1)e+03
CCACCATAGAGAGGTTATCCGCTCATCA,3.1+/-1.1
GTGCCATAGAGAGGTTATCCGCTCACAT,16.3+/-1.9
ACTCCATAGAGAGGTTATCCGCTCACAA,(0.0+/-1.4)e+06
GTGCCATAGAGAGGTTATCCGCTCACAG,20.1+/-2.0
GTGCCATAGAGAGGTTATCCGCTCACAC,22.6+/-2.6
GTGCCATAGAGAGGTTATCCGCTCACAA,24+/-4
CCACCATAGAGAGGTTATCCGCTCAATA,2.4+/-0.8
CCACCATAGAGAGGTTATCCGCTCAATG,5.3+/-2.2
GTGCCATAGAGAGGTTATCCGCTCATTG,5.01+/-0.24
GTGCCATAGAGAGGTTATCCGCTCATTC,7.9+/-0.6
CAACCATAGAGAGGTTATCCGCTCAAAT,11+/-9
GTGCCATAGAGAGGTTATCCGCTCATTA,7.7+/-0.5
CCACCATAGAGAGGTTATCCGCTCAATT,1.54+/-0.29
GTGCCATAGAGAGGTTATCCGCTCATTT,5.91+/-0.29
GTGCCATAGAGAGGTTATCCGCTCAGTA,8.0+/-0.7
CAGCCATAGAGAGGTTATCCGCTCAAGG,(8+/-9)e+01
CAGCCATAGAGAGGTTATCCGCTCAAGC,22+/-13
AAACCATAGAGAGGTTATCCGCTCAAGA,18+/-10
CAGCCATAGAGAGGTTATCCGCTCAAGT,36+/-14
AACCCATAGAGAGGTTATCCGCTCATTG,10.7+/-2.6
CTACCATAGAGAGGTTATCCGCTCAACA,6.4+/-2.4
CTACCATAGAGAGGTTATCCGCTCAACC,5.2+/-2.2
CGCCCATAGAGAGGTTATCCGCTCACGA,(0.0+/-1.1)e+04
CTACCATAGAGAGGTTATCCGCTCAACG,4.4+/-1.6
CTACCATAGAGAGGTTATCCGCTCAACT,2.8+/-0.6
AGCCCATAGAGAGGTTATCCGCTCACTA,9.8+/-2.6
TCACCATAGAGAGGTTATCCGCTCACGC,7.5+/-2.7
TCACCATAGAGAGGTTATCCGCTCAAGT,15.2+/-3.0
TCACCATAGAGAGGTTATCCGCTCACGG,39+/-21
TTGCCATAGAGAGGTTATCCGCTCATTA,15.1+/-2.4
TCACCATAGAGAGGTTATCCGCTCAAGG,(1.0+/-0.7)e+02
AGCCCATAGAGAGGTTATCCGCTCACTT,4.7+/-2.4
TCACCATAGAGAGGTTATCCGCTCAAGA,13+/-4
TCGCCATAGAGAGGTTATCCGCTCATCT,23+/-7
CCCCCATAGAGAGGTTATCCGCTCACTA,16+/-8
CCCCCATAGAGAGGTTATCCGCTCACTG,6.0+/-3.3
TGCCCATAGAGAGGTTATCCGCTCATAG,10.8+/-2.2
GCGCCATAGAGAGGTTATCCGCTCAATT,18+/-10
TGCCCATAGAGAGGTTATCCGCTCATAA,12+/-4
CCTCCATAGAGAGGTTATCCGCTCACCG,14+/-7
GCGCCATAGAGAGGTTATCCGCTCAATA,12.3+/-2.0
GCGCCATAGAGAGGTTATCCGCTCAATC,22+/-8
CTGCCATAGAGAGGTTATCCGCTCAAAA,6.6+/-2.2
GCGCCATAGAGAGGTTATCCGCTCAATG,30+/-8
GAGCCATAGAGAGGTTATCCGCTCACCG,19+/-14
CACCCATAGAGAGGTTATCCGCTCAATC,13+/-9
CACCCATAGAGAGGTTATCCGCTCAATA,(0+/-9)e+05
GTCCCATAGAGAGGTTATCCGCTCAAAC,32+/-21
ACGCCATAGAGAGGTTATCCGCTCACGA,25+/-16
AACCCATAGAGAGGTTATCCGCTCACGG,(0.3+/-1.2)e+02
TTTCCATAGAGAGGTTATCCGCTCATCC,(7+/-4)e+01
ACTCCATAGAGAGGTTATCCGCTCATAT,45+/-27
AACCCATAGAGAGGTTATCCGCTCACGT,(0.1+/-1.9)e+03
TCGCCATAGAGAGGTTATCCGCTCATTG,35+/-8
TCGCCATAGAGAGGTTATCCGCTCATTA,14+/-4
TCGCCATAGAGAGGTTATCCGCTCATTC,36+/-16
CTGCCATAGAGAGGTTATCCGCTCACGG,15+/-4
TCGCCATAGAGAGGTTATCCGCTCACTC,43+/-27
AAGCCATAGAGAGGTTATCCGCTCATAT,15+/-4
TCGCCATAGAGAGGTTATCCGCTCACTG,39+/-12
CTGCCATAGAGAGGTTATCCGCTCACGT,12+/-5
TATCCATAGAGAGGTTATCCGCTCAATC,(6+/-4)e+01
TATCCATAGAGAGGTTATCCGCTCAATA,31+/-12
GGGCCATAGAGAGGTTATCCGCTCACTG,12.8+/-2.1
GGGCCATAGAGAGGTTATCCGCTCACTC,24+/-8
GGGCCATAGAGAGGTTATCCGCTCACTA,18.3+/-3.4
GTCCCATAGAGAGGTTATCCGCTCAAAT,21+/-4
GGGCCATAGAGAGGTTATCCGCTCACTT,26+/-14
AGGCCATAGAGAGGTTATCCGCTCACGA,46+/-31
GGACCATAGAGAGGTTATCCGCTCAACT,12.5+/-2.5
TGTCCATAGAGAGGTTATCCGCTCATCT,29+/-9
GGACCATAGAGAGGTTATCCGCTCAACC,15.6+/-3.3
GGACCATAGAGAGGTTATCCGCTCAACA,(0.1+/-3.3)e+03
GGACCATAGAGAGGTTATCCGCTCAACG,17+/-4
TGTCCATAGAGAGGTTATCCGCTCATCA,37+/-11
TGTCCATAGAGAGGTTATCCGCTCATCC,36+/-13
TGTCCATAGAGAGGTTATCCGCTCATCG,72+/-32
CTCCCATAGAGAGGTTATCCGCTCACCT,15+/-20
ACTCCATAGAGAGGTTATCCGCTCACTT,37+/-15
ACTCCATAGAGAGGTTATCCGCTCACTA,31+/-25
TCCCCATAGAGAGGTTATCCGCTCAATG,39+/-17
TCCCCATAGAGAGGTTATCCGCTCAATA,8.3+/-3.1
TCCCCATAGAGAGGTTATCCGCTCAATC,27+/-12
CTTCCATAGAGAGGTTATCCGCTCAATC,(6+/-8)e+01
CTTCCATAGAGAGGTTATCCGCTCAATA,39+/-31
CAACCATAGAGAGGTTATCCGCTCATTA,5.2+/-1.1
GGACCATAGAGAGGTTATCCGCTCACAC,30+/-15
TTGCCATAGAGAGGTTATCCGCTCATAG,47+/-14
GGACCATAGAGAGGTTATCCGCTCACAA,39+/-11
GGACCATAGAGAGGTTATCCGCTCACAG,26+/-5
TTGCCATAGAGAGGTTATCCGCTCATAC,19+/-7
CATCCATAGAGAGGTTATCCGCTCAATA,(7+/-4)e+01
CTCCCATAGAGAGGTTATCCGCTCATTG,(1.1+/-0.7)e+02
TTGCCATAGAGAGGTTATCCGCTCATAT,14.0+/-3.0
CTCCCATAGAGAGGTTATCCGCTCATTC,(7+/-5)e+01
CTCCCATAGAGAGGTTATCCGCTCATTA,42+/-33
TTACCATAGAGAGGTTATCCGCTCAAAC,14+/-6
TTACCATAGAGAGGTTATCCGCTCAAAA,(7+/-5)e+01
CCGCCATAGAGAGGTTATCCGCTCATGC,1.4+/-0.8
TCGCCATAGAGAGGTTATCCGCTCAACT,19+/-5
CCGCCATAGAGAGGTTATCCGCTCATGT,5.9+/-1.4
GTACCATAGAGAGGTTATCCGCTCAGTT,7.3+/-0.8
GTACCATAGAGAGGTTATCCGCTCAGTG,5.8+/-0.7
GTACCATAGAGAGGTTATCCGCTCAGTC,6.0+/-0.7
AACCCATAGAGAGGTTATCCGCTCAATT,13+/-7
GCGCCATAGAGAGGTTATCCGCTCACGG,(8+/-4)e+01
GCGCCATAGAGAGGTTATCCGCTCACGC,(0+/-9)e+03
GCGCCATAGAGAGGTTATCCGCTCACGA,39+/-17
GCGCCATAGAGAGGTTATCCGCTCACGT,(5+/-6)e+01
CCCCCATAGAGAGGTTATCCGCTCAAGC,40+/-22
GTGCCATAGAGAGGTTATCCGCTCATAT,7.7+/-0.4
GTGCCATAGAGAGGTTATCCGCTCATAA,12.0+/-0.8
GTGCCATAGAGAGGTTATCCGCTCATAC,14.0+/-1.5
CAGCCATAGAGAGGTTATCCGCTCAAAC,40+/-23
GTGCCATAGAGAGGTTATCCGCTCATAG,11.0+/-1.0
TAGCCATAGAGAGGTTATCCGCTCACTT,23+/-6
CAGCCATAGAGAGGTTATCCGCTCATCT,15+/-5
CAGCCATAGAGAGGTTATCCGCTCATCG,6.1+/-1.5
CAGCCATAGAGAGGTTATCCGCTCATCC,10.9+/-3.5
GAGCCATAGAGAGGTTATCCGCTCACTG,28+/-23
GAGCCATAGAGAGGTTATCCGCTCACTA,(0.0+/-2.9)e+04
GAGCCATAGAGAGGTTATCCGCTCATTT,21+/-7
GAGCCATAGAGAGGTTATCCGCTCACTT,(0.6+/-1.9)e+02
GCACCATAGAGAGGTTATCCGCTCACGG,20+/-7
GAGCCATAGAGAGGTTATCCGCTCATTG,6.7+/-1.1
GCACCATAGAGAGGTTATCCGCTCACGA,(0.0+/-1.0)e+03
CAGCCATAGAGAGGTTATCCGCTCAATC,10+/-4
CAGCCATAGAGAGGTTATCCGCTCAATA,27+/-14
GGCCCATAGAGAGGTTATCCGCTCAACC,14.6+/-2.5
AAACCATAGAGAGGTTATCCGCTCAATG,30+/-11
AAACCATAGAGAGGTTATCCGCTCAATT,22+/-8
AACCCATAGAGAGGTTATCCGCTCACTA,39+/-19
ACACCATAGAGAGGTTATCCGCTCAAAC,11.6+/-2.7
ACGCCATAGAGAGGTTATCCGCTCAAGC,33+/-23
ACACCATAGAGAGGTTATCCGCTCAAAA,(0.0+/-2.1)e+06
GGCCCATAGAGAGGTTATCCGCTCAACT,12.3+/-1.6
ATACCATAGAGAGGTTATCCGCTCATTG,9.8+/-2.6
GCCCCATAGAGAGGTTATCCGCTCATCT,7.0+/-2.4
ATACCATAGAGAGGTTATCCGCTCATTC,11+/-5
TGCCCATAGAGAGGTTATCCGCTCATAC,23+/-10
GCCCCATAGAGAGGTTATCCGCTCATCG,5.6+/-1.0
GCCCCATAGAGAGGTTATCCGCTCATCA,16+/-7
GCCCCATAGAGAGGTTATCCGCTCATCC,8.2+/-2.5
GGACCATAGAGAGGTTATCCGCTCATTG,6.4+/-0.6
GGACCATAGAGAGGTTATCCGCTCATTC,11.6+/-2.5
GGACCATAGAGAGGTTATCCGCTCATTA,10.9+/-2.9
GGACCATAGAGAGGTTATCCGCTCATTT,11+/-5
TGTCCATAGAGAGGTTATCCGCTCAACT,37+/-21
GAACCATAGAGAGGTTATCCGCTCAAGT,39+/-14
TGTCCATAGAGAGGTTATCCGCTCAACG,(6+/-4)e+01
TGTCCATAGAGAGGTTATCCGCTCAACA,(0.7+/-1.1)e+02
TCCCCATAGAGAGGTTATCCGCTCACAG,(0.2+/-1.0)e+02
TCCCCATAGAGAGGTTATCCGCTCACAA,18+/-13
TCCCCATAGAGAGGTTATCCGCTCACAT,8+/-5
TCGCCATAGAGAGGTTATCCGCTCACTT,17+/-5
ATTCCATAGAGAGGTTATCCGCTCAAAG,(1.0+/-0.4)e+02
CTTCCATAGAGAGGTTATCCGCTCACGC,16+/-5
TAGCCATAGAGAGGTTATCCGCTCATGA,24+/-6
CACCCATAGAGAGGTTATCCGCTCAAAC,36+/-27
CACCCATAGAGAGGTTATCCGCTCAAAG,(4+/-4)e+01
ACACCATAGAGAGGTTATCCGCTCATAG,7.4+/-2.9
CTACCATAGAGAGGTTATCCGCTCACTC,2.3+/-2.1
ACTCCATAGAGAGGTTATCCGCTCACCG,(1.3+/-0.8)e+02
AGACCATAGAGAGGTTATCCGCTCAAGT,38+/-22
GGGCCATAGAGAGGTTATCCGCTCAAGG,48+/-9
GGGCCATAGAGAGGTTATCCGCTCAAGA,19.9+/-2.2
GGGCCATAGAGAGGTTATCCGCTCAAGC,19+/-5
AGACCATAGAGAGGTTATCCGCTCAAGA,(9+/-4)e+01
AGACCATAGAGAGGTTATCCGCTCAAGC,43+/-29
GGGCCATAGAGAGGTTATCCGCTCAAGT,20.8+/-2.3
GACCCATAGAGAGGTTATCCGCTCAAAT,40+/-28
GGGCCATAGAGAGGTTATCCGCTCAGGT,(1.2+/-1.9)e+02
TCGCCATAGAGAGGTTATCCGCTCATAC,20+/-8
TCGCCATAGAGAGGTTATCCGCTCATAA,63+/-27
GGGCCATAGAGAGGTTATCCGCTCAGGG,73+/-20
TCGCCATAGAGAGGTTATCCGCTCATAT,20+/-5
GACCCATAGAGAGGTTATCCGCTCAAAG,24+/-12
TCGCCATAGAGAGGTTATCCGCTCACCG,(0+/-4)e+05
GGGCCATAGAGAGGTTATCCGCTCAGGC,23+/-5
GTACCATAGAGAGGTTATCCGCTCAAAG,14.5+/-1.0
ACTCCATAGAGAGGTTATCCGCTCATTT,36+/-12
GTACCATAGAGAGGTTATCCGCTCAAAC,16.1+/-1.2
GCCCCATAGAGAGGTTATCCGCTCACCT,5.8+/-2.0
GTACCATAGAGAGGTTATCCGCTCAAAA,16.7+/-1.9
CACCCATAGAGAGGTTATCCGCTCACCG,3.1+/-1.6
ACTCCATAGAGAGGTTATCCGCTCATTG,(5+/-5)e+01
GTACCATAGAGAGGTTATCCGCTCAAAT,14.8+/-1.4
TCCCCATAGAGAGGTTATCCGCTCAAGA,(2+/-4)e+01
TGTCCATAGAGAGGTTATCCGCTCACAA,(1+/-7)e+02
ACTCCATAGAGAGGTTATCCGCTCATTA,62+/-29
TACCCATAGAGAGGTTATCCGCTCACCG,12+/-6
AAACCATAGAGAGGTTATCCGCTCATCT,20+/-5
TATCCATAGAGAGGTTATCCGCTCATTT,24+/-6
GGCCCATAGAGAGGTTATCCGCTCAGCT,4.0+/-1.0
AAACCATAGAGAGGTTATCCGCTCATCG,7.5+/-1.4
TATCCATAGAGAGGTTATCCGCTCATTC,18+/-5
TATCCATAGAGAGGTTATCCGCTCATTA,16.7+/-3.3
GCGCCATAGAGAGGTTATCCGCTCACTC,29+/-12
GCGCCATAGAGAGGTTATCCGCTCACTA,15.7+/-3.1
GCGCCATAGAGAGGTTATCCGCTCACTG,8.8+/-1.3
GGACCATAGAGAGGTTATCCGCTCAAGG,29+/-5
GGTCCATAGAGAGGTTATCCGCTCATCT,37+/-10
GACCCATAGAGAGGTTATCCGCTCACCG,7.7+/-2.0
GACCCATAGAGAGGTTATCCGCTCACCA,(0.0+/-2.2)e+06
GCGCCATAGAGAGGTTATCCGCTCACTT,10.1+/-2.5
TTACCATAGAGAGGTTATCCGCTCATTA,25+/-5
TTACCATAGAGAGGTTATCCGCTCATTC,10.0+/-2.8
TTACCATAGAGAGGTTATCCGCTCATTG,8.1+/-0.7
GTGCCATAGAGAGGTTATCCGCTCACTG,7.4+/-0.4
TCCCCATAGAGAGGTTATCCGCTCATAG,54+/-26
TCGCCATAGAGAGGTTATCCGCTCAACA,(1+/-7)e+02
TCCCCATAGAGAGGTTATCCGCTCATAT,15+/-12
GAGCCATAGAGAGGTTATCCGCTCAACT,19.8+/-3.5
GCGCCATAGAGAGGTTATCCGCTCAACC,19+/-8
GAGCCATAGAGAGGTTATCCGCTCAACG,31+/-8
AATCCATAGAGAGGTTATCCGCTCATGA,(0+/-5)e+05
GAGCCATAGAGAGGTTATCCGCTCAACA,43+/-33
GGACCATAGAGAGGTTATCCGCTCATGC,6.8+/-1.1
GGACCATAGAGAGGTTATCCGCTCATGA,14.4+/-3.3
CAACCATAGAGAGGTTATCCGCTCATGA,(0.7+/-2.3)e+02
CCACCATAGAGAGGTTATCCGCTCATAA,3.7+/-2.7
TCGCCATAGAGAGGTTATCCGCTCAACC,35+/-20
CATCCATAGAGAGGTTATCCGCTCAACT,59+/-20
TTGCCATAGAGAGGTTATCCGCTCATTG,13.5+/-2.4
GGACCATAGAGAGGTTATCCGCTCATGT,41+/-12
TGCCCATAGAGAGGTTATCCGCTCATAT,6.7+/-3.0
GTGCCATAGAGAGGTTATCCGCTCACCT,7.6+/-0.8
CATCCATAGAGAGGTTATCCGCTCATCT,40+/-16
GGACCATAGAGAGGTTATCCGCTCAATT,12.2+/-3.1
GTGCCATAGAGAGGTTATCCGCTCACCG,5.8+/-0.4
GTGCCATAGAGAGGTTATCCGCTCACCA,48+/-10
GTGCCATAGAGAGGTTATCCGCTCACCC,21+/-4
CATCCATAGAGAGGTTATCCGCTCATCA,35+/-22
GGACCATAGAGAGGTTATCCGCTCAATC,18+/-10
GGACCATAGAGAGGTTATCCGCTCAATA,20+/-5
GGACCATAGAGAGGTTATCCGCTCAATG,39+/-9
CACCCATAGAGAGGTTATCCGCTCATTT,6.0+/-3.3
GCACCATAGAGAGGTTATCCGCTCACTG,11+/-4
GCACCATAGAGAGGTTATCCGCTCACTC,22+/-19
GGCCCATAGAGAGGTTATCCGCTCAAGC,7.5+/-1.9
TGCCCATAGAGAGGTTATCCGCTCAATA,14+/-7
TGCCCATAGAGAGGTTATCCGCTCAATC,39+/-20
TGCCCATAGAGAGGTTATCCGCTCAATG,(5+/-4)e+01
CCCCCATAGAGAGGTTATCCGCTCAATG,36+/-14
TGCCCATAGAGAGGTTATCCGCTCAATT,11.2+/-3.2
CCCCCATAGAGAGGTTATCCGCTCAATT,2.7+/-2.7
CAACCATAGAGAGGTTATCCGCTCAACC,10.5+/-3.1
CCTCCATAGAGAGGTTATCCGCTCACAA,43+/-11
CCTCCATAGAGAGGTTATCCGCTCACAC,8.4+/-2.3
ATGCCATAGAGAGGTTATCCGCTCAATT,10.7+/-3.1
CCTCCATAGAGAGGTTATCCGCTCACAG,13+/-8
ACGCCATAGAGAGGTTATCCGCTCAATC,15+/-10
ACGCCATAGAGAGGTTATCCGCTCAATA,13+/-7
ACGCCATAGAGAGGTTATCCGCTCAATG,33+/-14
GAGCCATAGAGAGGTTATCCGCTCATCT,33+/-14
CTGCCATAGAGAGGTTATCCGCTCAAGG,(8+/-5)e+01
CCTCCATAGAGAGGTTATCCGCTCACAT,8+/-4
ATGCCATAGAGAGGTTATCCGCTCAATG,44+/-17
GAGCCATAGAGAGGTTATCCGCTCATCC,31+/-13
GAGCCATAGAGAGGTTATCCGCTCATCA,(5+/-4)e+01
GAGCCATAGAGAGGTTATCCGCTCATCG,35+/-19
